0,1,2,3,4,5
GMT,CREW,ACTIVITY,,,
13:55-14:05,,Morning Inspection,,,
14:05-14:35,Post-sleep,,,,
14:35-15:25,BREAKFAST,,,,
15:25-15:40,Daily Planning Conference (S-band),,,,
15:40-15:55,CDR,Manual valve 1 opening to initialize RFTA,,,
15:40-15:45,FE-2-18,JEM Window Shutter Closure,,,
15:40-15:45,FE-2,DCS battery charging,,,
15:40-16:00,FE-1,Prep for mating/demating TLM connectors,,,
15:45-15:50,FE-2,D2XS Battery charge,,,
15:45-16:10,FE-2-18,Prep for Work,,,
15:50-16:15,FE-2,,,,
15:55-16:10,CDR,Set up Camcorder G1 for EFBM-C/O,,,
16:00-16:15,FE-1,"On MCC GO mate СРВК-2М БРП-М telemetry connector, demateMatryoshka telemetry connectors",,,
16:10-18:00,CDR,EFBM checkout,,,
16:10-16:15,FE-2-18,Activation of JEMRMS RLT Laptop,,,
16:15-16:30,"Final activation of JEMRMS, stage 1",,,,
16:15-17:15,FE-2,Physical Exercise (RED),,,
16:15-19:45,FE-1,"SDTO16006-A MATRYOSHKA. Removal of detectors, pre-pack for return onShuttle. Tagup with specialists (S-band)",,,
16:30-17:20,FE-2-18,EFBM status and checkout,,,
17:15-19:15,FE-2,"SDTO16006-A MATRYOSHKA. Removal of detectors, pre-pack for return onShuttle. Tagup with specialists (S-band)",,,
17:20-17:35,FE-2-18,Food frequency questionnaire,,,
17:35-18:00,MPLM Transfers,,,,
18:00-18:30,"CDR, FE-2-18",Total Organic Carbon Analyzer (TOCA) Temporary Installation on OxygenGenerator System Rack,,,
18:30-18:50,CDR,Water Recovery System Catalytic Reactor Filter Removal,,,
18:30-18:40,FE-2-18,Processing ТОСА test data,,,
18:40-19:40,Physical Exercise (CEVIS),,,,
18:50-19:25,CDR,LTL and ITCS sample collection in NODE2,,,
19:15-19:20,FE-2,D2XS Battery charge,,,
19:20-20:05,MPLM Transfers,,,,
19:25-20:00,CDR,MLT and ITCS sample collection in NODE2,,,
19:40-19:55,FE-2-18,JEMRMS prep for deactivation,,,
19:45-19:55,FE-1,Temperature monitoring on Pressure Unit after activation of Elektron,,,
20:00-20:05,CDR,PAO hardware setup,,,
20:05-20:45,,Crew conference,,,
GMT,CREW,ACTIVITY,,,
06:00-06:10,"CDR, FE-1",Morning Inspection,,,
06:00-06:05,FE-2,SLEEP - Data Log (FE2),,,
06:05-06:15,Morning Inspection,,,,
06:10-06:40,"CDR, FE-1",Post-sleep,,,
06:15-06:45,FE-2,,,,
06:40-07:10,CDR,BREAKFAST,,,
06:40-07:30,FE-1,,,,
06:45-07:30,FE-2,,,,
07:10-07:15,CDR,HAM Radio Setup,,,
07:15-07:25,HAM Radio Session,,,,
07:25-07:30,BREAKFAST,,,,
07:30-07:45,,Daily Planning Conference (S-band),,,
07:45-08:00,FE-1,БМП Ф1 Absorption Cartridge Regeneration (start),,,
07:45-08:15,"CDR, FE-2",Prep for Work,,,
08:00-08:15,FE-1,,,,
08:15-08:30,,ISS Crew and ГОГУ (RSA Flight Control Team) Weekly Conference (S-band),,,
08:30-09:10,CDR,Komparus A3 units R&R (Install and mate КП-МПА3 cnctr) Tagup withspecialists as necessary (S-band),,,
08:30-10:10,FE-1,,,,
08:30-10:00,FE-2,Physical Exercise (RED),,,
09:10-10:10,CDR,Physical Exercise (TVIS),,,
10:00-11:00,FE-2,Physical Exercise (CEVIS),,,
10:10-11:10,"CDR, FE-1",Komparus А3 Units R&R(Install КС1-МПА-01 unit) Tagup with specialists asnecessary (S-band),,,
11:00-11:05,FE-2,On MCC Go ISS O2 repress from Progress 365 СрПК (start),,,
11:05-12:20,SM Ventilation System Preventive Maintenance Group А,,,,
11:10-11:20,FE-1,BRI logs dump from RSS1,,,
11:10-12:40,CDR,Physical Exercise (RED),,,
11:20-11:35,FE-1,Switching Vozdukh to manual mode,,,
11:40-12:40,"Physical Exercise (VELO), day 2",,,,
12:20-12:25,FE-2,ISS O2 repress from Progress 365 СрПК (terminate),,,
12:25-12:40,Food frequency questionnaire,,,,
12:40-13:40,,LUNCH,,,
13:40-16:20,FE-1,"Komparus А3 Units R&R (Install КД-МПА unit, mate КС1-МПА-01 and КД-МПАconnectors). Tagup with specialists as necessary (S-band)",,,
13:40-14:40,CDR,,,,
13:40-14:40,FE-2,Removal of anti-microbial AMIA module in TCS,,,
14:40-15:10,"CDR, FE-2",Remove items in US Airlock,,,
15:10-16:10,EVA tool config,,,,
16:10-16:35,FE-2,Start EMU battery charge,,,
16:20-16:50,"CDR, FE-1",Komparus-A3 units R&R (installation of containers 42А and 42Б),,,
16:50-17:20,"CDR, FE-2",Equipment Lock config,,,
GMT,,CREW,,ACTIVITY,
08:00-08:10,,.,,Morning Inspection,
08:10-08:40,,,Post-sleep,,
08:40-09:30,,,BREAKFAST,,
09:30-09:45,,,Daily Planning Conference (S-band),,
09:45-10:15,,"FE-1,FE-2",,Prep for Work,
09:45-10:10,,CDR,,,
10:10-10:25,,CDR,,Activation of A31P Laptop,
10:15-10:40,,FE-2,,CSA-CP Calibration,
10:25-10:55,,"CDR,FE-1",,Preparation for Progress 401 Docking,
10:40-10:45,,FE-2,,HAM Radio Powerdown in FGB,
10:50-10:55,,,RED Scheduled Inspection,,
10:55-12:25,,"CDR,FE-1",,Progress 401 Docking to DC1,
10:55-12:25,,FE-2,,Physical Exercise (RED),
12:25-13:05,,,"СОЖ Maintenance. СВО, СП, and POTOK Air Purification System DataDownlink",,
12:55-13:05,,CDR,,Reconfiguring comm after Progress docking,
13:05-14:05,,.,,LUNCH,
14:05-15:05,,FE-2,,Crew time for ISS adaptation and orientation,
14:05-15:20,,"CDR,FE-1",,Progress 401 - DC1 Interface Leak Check,
15:05-16:35,,FE-2,,Unpacking hardware delivered by ULF2,
15:20-15:40,,"CDR,FE-1",,Opening DC1-СУ and СУ-Progress Transfer Hatches,
15:40-16:00,,,Installing quick release screw clamps,,
16:00-16:15,,FE-1,,Progress air sampling using АК-1М sampler,
16:00-17:00,,CDR,,Physical Exercise (RED),
16:15-17:00,,FE-1,,"Progress deactivation, air duct installation",
16:35-17:05,,FE-2,,Removal of Ku-band TV Downlink Hardware (after Progress docking),
17:00-18:00,,"CDR,FE-1",,Removing Progress 401 Docking Mechanism,
17:10-18:10,,FE-2,,Physical Exercise (CEVIS),
18:00-18:15,,CDR,,Evening Work Prep,
18:00-19:00,,FE-1,,"Physical Exercise (TVIS), day 1",
18:10-18:30,,FE-2,,IMS Update,
18:15-19:00,,CDR,,"Presleep (dinner, daily food prep, evening toilet)",
18:30-18:40,,FE-2,,Nutrition and Repository - equipment configuration for blood sample collection,
18:40-19:00,,,Nutrition and Repository - equipment setup for urine sample collection,,
19:00-19:15,,.,,Daily Planning Conference (S-band),
19:15-19:25,,FE-2,,MELFI ULF2 Box Module Exchange 1,
19:15-20:15,,"CDR,FE-1",,Progress 401 unloading and IMS updates,
19:25-19:35,,FE-2,,MELFI ULF2 Box Module Exchange 2,
19:35-21:30,,FE-2,,"Presleep (dinner, daily food prep, evening toilet)",
20:15-21:30,,"CDR,FE-1",,,
21:30-06:00,,.,,SLEEP,
Task List,,FE-1,,PLANTS-1. Payload Status Check,
GMT,CREW,ACTIVITY,,,
06:00-06:10,"CDR, FE-1",Morning Inspection,,,
06:00-06:20,FE-2,Blood analysis using Portable Clinical Blood Analyzer (PCBA) - subject,,,
06:10-06:40,"CDR, FE-1",Post-sleep,,,
06:20-06:30,FE-2,Morning Inspection,,,
06:30-07:00,Post-sleep,,,,
06:40-07:30,"CDR, FE-1",BREAKFAST,,,
07:00-07:50,FE-2,,,,
07:30-08:00,"CDR, FE-1",Prep for Work,,,
07:50-08:00,FE-2,,,,
08:00-08:15,,Daily Planning Conference (S-band),,,
08:15-08:45,FE-2,Periodic Health Status - subject,,,
,CDR,Periodic Health Status - assistance,,,
08:15-08:35,FE-1,PLANTS-1. Data collection and downlink. Tagup with specialists (S-band),,,
08:35-08:45,PLANTS-1. Photography and drying substrate. Tagup with specialists (S-band),,,,
08:45-09:45,CDR,Physical Exercise (RED),,,
08:45-09:25,FE-2,Periodic Health Status (PHS) Data Entry and Hardware Stow,,,
08:45-09:45,FE-1,Dismantle УС-21 container 11Ф615.Б1824-А59-0 from Progress 365,,,
09:25-10:25,FE-2,Physical Exercise (CEVIS),,,
09:45-09:55,CDR,COL102 Pivot Pin Bracket Installation,,,
09:45-10:45,FE-1,Teardown Local Temperature Sensor Switching Unit ЛКТ (ТА251МБ) andMemory Storage Device from Progress 365 Stow the removed unit behindSM panel 314 in bag #353-8 (b/c 00037141R),,,
09:55-10:05,CDR,COL102 K-Bar Capture Mechanism Installation,,,
10:05-10:15,COL102 ISPR Bonding Installation,,,,
10:15-11:20,Hardware Pre-pack for Return on Shuttle Flight ULF2,,,,
10:25-11:55,FE-2,Physical Exercise (RED),,,
10:45-11:10,FE-1,SM and FGB Air Sampling Using АК-1М Sampler,,,
11:10-11:25,FE-1,IMS Update,,,
11:20-11:50,CDR,De-gassing Payload Reservoir Water to be used in EMU,,,
11:25-12:55,FE-1,"Physical Exercise (TVIS), day 4",,,
11:50-12:20,CDR,PGT Checkout,,,
11:55-12:25,FE-2,,,,
12:20-12:40,CDR,METOX installation,,,
12:35-12:45,FE-2,SHERE Tape Changeout,,,
12:40-12:55,CDR,Installation of REBA batteries,,,
12:55-13:55,,LUNCH,,,
13:55-14:35,FE-2,СОЖ Maintenance. ИП-1 position verification,,,
13:55-14:55,"CDR, FE-1",Loading disposal hardware onto Progress 365,,,
14:35-15:00,FE-2,Microbiological analysis T + 2,,,
GMT,CREW,ACTIVITY,,,
06:00-06:10,,Morning Inspection,,,
06:10-06:40,CDR,Post-sleep,,,
06:10-06:25,FE-2,,,,
,FE-1,Biochemical Urine Test,,,
06:25-06:40,FE-2,,,,
06:25-06:55,FE-1,Post-sleep,,,
06:40-06:55,FE-2,,,,
,CDR,Biochemical Urine Test,,,
06:55-07:45,,BREAKFAST,,,
07:45-08:00,Prep for Work,,,,
08:00-08:15,Daily Planning Conference (S-band),,,,
08:15-08:30,FE-2,RED inspection and access evaluation,,,
08:15-10:30,FE-1,Loading disposal hardware onto Progress 365,,,
08:15-08:25,CDR,Prep for Work,,,
08:25-08:45,Failed BBA Removal from JLP1PA2 and stow for ULF2 Return,,,,
08:30-10:00,FE-2,Physical Exercise (RED),,,
08:45-09:05,CDR,Remove Failed BBA from JPM1OF2 and stow for ULF2 Return,,,
09:05-09:35,ULF2 Hardware Stowage,,,,
10:00-11:00,FE-2,Physical Exercise (CEVIS),,,
10:05-11:05,CDR,Physical Exercise (RED),,,
10:30-12:00,FE-1,"Physical Exercise (TVIS), day 2",,,
11:05-11:35,"CDR, FE-2",SAFER Checkout,,,
11:35-12:35,FE-2,Crew Departure Prep,,,
,CDR,Retention Net Preparation for ULF2,,,
12:35-13:35,,LUNCH,,,
13:35-15:30,FE-2,Potable Water Collection for In-Flight Chemical and Microbial Analysis,,,
13:35-15:20,FE-1,Loading disposal hardware onto Progress 365,,,
13:35-15:05,CDR,Hardware Pre-pack for Return on Shuttle Flight ULF2,,,
15:15-15:30,Private Medical Conference (Ku + S-band),,,,
15:20-16:00,FE-1,СОЖ Maintenance,,,
15:30-16:00,CDR,Teardown the Water Distribution System (WDS) in preparation for Installationof new ECLSS Racks,,,
15:30-15:45,FE-2,Private Medical Conference (Ku + S-band),,,
15:45-17:25,Hardware Pre-pack for Return on Shuttle Flight ULF2,,,,
16:10-16:50,"CDR, FE-1",SM and Progress TORU test without commanding Progress Approach &Attitude Control (ДПО) Thrusters (Vehicle-To-Vehicle Test),,,
16:50-17:10,FE-1,IMS Update,,,
16:50-18:20,CDR,Physical Exercise (TVIS),,,
17:10-17:35,FE-1,Evening Work Prep,,,
17:25-17:45,FE-2,WMK - In-Flight Water Processing,,,
GMT,CREW,ACTIVITY,,,
09:30-09:40,,Morning Inspection,,,
09:40-10:10,Post-sleep,,,,
10:10-10:25,CDR,BREAKFAST,,,
10:10-11:00,"FE-1, FE-2",,,,
10:25-10:30,CDR,HAM Radio Setup,,,
10:30-10:40,HAM Radio Session,,,,
10:40-11:15,BREAKFAST,,,,
11:05-11:35,FE-1,Transfer POTOK Air Purification System from SM to FGB,,,
11:00-11:20,FE-2,Nutrition and Repository - urine sample collection,,,
11:00-11:05,FE-1,D2XS Battery charge,,,
11:20-11:30,FE-2,Nutrition and Repository - insertion of first urine samples into MELFI,,,
11:30-12:30,Physical Exercise (RED),,,,
11:35-12:35,FE-1,FGB cleaning with Potok running,,,
12:25-12:40,CDR,IMV configuration,,,
12:30-14:00,FE-2,Physical Exercise (CEVIS),,,
12:40-13:10,CDR,Temperature and Humidity Control (THC) Intermodule Ventilation Assembly(IMV) Valve Installation,,,
14:10-14:50,FE-2,A/L-10A2 panel removal,,,
14:10-14:15,FE-1,D2XS Battery charge,,,
14:50-15:10,FE-2,Nutrition and Repository - urine sample collection,,,
15:10-15:15,FE-1,Potok-150МК pre-filter cleaning,,,
15:10-15:15,FE-2,Nutrition and Repository - Urine Sample MELFI Insertion,,,
15:15-15:35,Private Family Conference (Ku + S-band),,,,
15:15-16:45,CDR,Physical Exercise (RED),,,
15:15-16:45,FE-1,"Physical Exercise (TVIS), day 2",,,
17:10-17:25,FE-2,IWIS RSU installation,,,
17:15-17:20,FE-1,D2XS Battery charge,,,
17:25-17:30,FE-2,Internal Wireless Integrated System (IWIS) Accelerometer Connection,,,
17:30-18:30,.,LUNCH,,,
18:30-19:00,FE-1,СОЖ Maintenance,,,
18:30-18:40,FE-2,Power up PCS in Airlock and Cupola,,,
18:30-19:45,CDR,PMA2 pressurization,,,
18:40-19:00,FE-2,Nutrition and Repository - urine sample collection,,,
19:00-19:30,FE-1,Transfer POTOK Air Purification System from SM to FGB,,,
19:00-19:05,FE-2,Nutrition and Repository - Urine Sample MELFI Insertion,,,
19:05-19:15,OSTPV troubleshooting on auxiliary Laptop,,,,
20:00-20:20,CDR,Private Family Conference (Ku + S-band),,,
20:45-20:50,FE-1,D2XS Battery charge,,,
21:10-22:10,,Camcorder config for RPM maneuver,,,
,CDR,Camera config for RPM maneuver,,,
GMT,CREW,ACTIVITY,,,
06:00-06:10,,Morning Inspection,,,
06:10-06:40,Post-sleep,,,,
06:40-07:30,BREAKFAST,,,,
07:30-08:00,Prep for Work,,,,
08:00-08:15,Daily Planning Conference (S-band),,,,
08:15-11:25,FE-1,Loading disposal hardware onto Progress 365,,,
08:15-09:15,FE-2,Physical Exercise (CEVIS),,,
08:15-08:25,CDR,Battery Stowage Assembly (BSA) Battery Recharge Terminate,,,
08:25-09:00,Start BSA battery charge,,,,
09:10-10:20,EMU cooling loop scrub (start),,,,
09:15-10:45,FE-2,Physical Exercise (RED),,,
10:20-11:50,CDR,Physical Exercise (CEVIS),,,
10:45-11:45,FE-2,Preparation For ULF2,,,
11:25-12:55,FE-1,"Physical Exercise (TVIS), Day 3",,,
11:45-11:55,FE-2,PAO Hardware Setup,,,
11:50-11:55,CDR,EMU cooling loop scrub (terminate),,,
11:55-12:55,"CDR, FE-2",EVA task review by Shuttle and ISS crews,,,
12:55-13:55,,LUNCH,,,
13:55-14:05,Crew Prep for PAO,,,,
14:05-14:25,Greetings to the Human Rights Organization on the 60th anniversary (Ku + S-band),,,,
14:25-14:55,"CDR, FE-2",Shuttle and ISS Crew Conference on EVA tasks (S-band),,,
14:25-15:15,FE-1,Loading disposal hardware onto Progress 365,,,
14:55-15:00,FE-2,PAO Hardware Deactivation,,,
14:55-15:20,CDR,EMU cooling loop scrub - terminate,,,
15:00-16:00,FE-2,Crew Departure Prep,,,
15:25-16:25,"CDR, FE-1",Install Progress 365 Docking Mechanism,,,
16:00-17:20,FE-2,Hardware Pre-pack for Return on Shuttle Flight ULF2,,,
16:25-16:55,FE-1,Counter Measure System (CMS) Harmful Contaminant Measurements in SM,,,
16:25-17:25,CDR,Physical Exercise (RED),,,
16:55-17:35,FE-1,Evening Work Prep,,,
17:20-17:25,FE-2,Centerline Berthing Camera System (CBCS) Installation,,,
17:25-17:35,"CDR, FE-2",Evening Work Prep,,,
17:35-18:00,,STS 126/ULF2 and Expedition 18 crew conference (S-band),,,
18:00-18:35,FE-2,PHS Hardware and Lab Hardware Setup,,,
18:00-18:40,CDR,СОЖ Maintenance. Verification of ИП-1 sensor positions,,,
18:00-19:00,FE-1,"Physical Exercise (VELO+RED), day 3",,,
18:35-19:00,FE-2,Evening Work Prep,,,
GMT,CREW,ACTIVITY,,,
06:00-06:10,.,Morning Inspection,,,
06:10-06:40,Post-sleep,,,,
06:40-07:30,BREAKFAST,,,,
09:00-10:30,FE-2,Physical Exercise (RED),,,
10:30-11:30,Physical Exercise (TVIS),,,,
11:30-13:00,CDR,Physical Exercise (RED),,,
,FE-1,"Physical Exercise (TVIS), day 1",,,
13:00-14:00,.,LUNCH,,,
14:00-14:25,FE-2,CSA-O2 Gas Analyzer Calibration,,,
14:30-14:50,FE-1,Private Family Conference (Ku + S-band),,,
15:30-16:30,CDR,Physical Exercise (TVIS),,,
16:30-16:35,FE-1,MATRYOSHKA-R. Hardware deactivation,,,
16:35-17:35,"Physical Exercise (VELO+RED), day 1",,,,
17:35-18:15,FE-1,"СОЖ Maintenance. СВО, СП flush counter, and POTOK Air PurificationSystem operation time calldowns",,,
18:15-19:00,.,Evening Work Prep,,,
19:00-19:15,Daily Planning Conference (S-band),,,,
19:15-19:30,Evening Work Prep,,,,
19:30-21:30,"FE-1,FE-2","Presleep (Dinner, Daily Food Prep, Evening Toilet)",,,
19:30-20:40,CDR,,,,
20:40-20:55,CDR,Private Family Conference (Ku + S-band),,,
20:55-21:30,"Presleep (Dinner, Daily Food Prep, Evening Toilet)",,,,
21:30-06:00,.,SLEEP,,,
Task List,FE-1,DIATOMEA. World Ocean Observations,,,
ECON. Observations and photography,,,,,
GMT,CREW,ACTIVITY,,,
14:30-14:40,"CDR,FE-1",Morning Inspection,,,
14:30-14:50,FE-2,Nutrition and Repository - Urine Sample Collection,,,
14:40-15:10,"CDR,FE-1",Post-sleep,,,
14:50-14:55,FE-2,Nutrition and Repository - Urine Sample MELFI Insertion,,,
14:55-15:05,Morning Inspection,,,,
15:05-15:35,Post-sleep,,,,
15:10-16:00,"CDR,FE-1",BREAKFAST,,,
15:35-16:00,FE-2,,,,
16:00-16:30,"CDR,FE-1,FE-2",Prep for Work,,,
16:30-16:45,Daily Planning Conference (S-band),,,,
16:45-16:50,CDR,Closing JMP and Lab window shutters,,,
16:45-16:50,FE-1,HAM radio powerdown in FGB,,,
16:50-17:00,Headset Configuration for R-Bar Pitch Maneuver (RPM),,,,
17:00-17:05,Comm Config Before Docking With STS-126 (ULF2),,,,
17:05-17:35,СОЖ Maintenance.,,,,
17:35-18:35,"Physical Exercise (VELO), day 3",,,,
17:35-18:35,CDR,Physical Exercise (CEVIS),,,
17:35-18:35,FE-2,Physical Exercise (RED),,,
18:35-20:05,CDR,,,,
,FE-1,"Physical Exercise (TVIS), day 3",,,
18:35-20:05,FE-2,Physical Exercise (CEVIS),,,
20:05-21:05,"CDR,FE-1,FE-2",LUNCH,,,
21:05-21:10,FE-1,Camera Timer Set Up for Orbiter Approach,,,
21:10-21:15,"CDR,FE-2",RPM Documentation Preparation,,,
21:15-21:30,FE-1,Camera Timer Set Up for Orbiter Approach,,,
,"CDR,FE-2",Filming Shuttle RPM Maneuver,,,
21:50-22:00,CDR,Preparing Orbiter approach images for downlink,,,
21:55-22:15,FE-1,P/TV Docking Video,,,
22:00-22:15,"CDR,FE-2",ACS PMA2 Arrival (Thruster Configuration),,,
22:15-22:25,FE-2,RPM Camera Deactivation,,,
22:35-22:55,Nutrition and Repository - Stow Urine Sampling Hardware,,,,
22:35-23:05,"CDR,FE-1",Post-docking Hatch Leak Check,,,
23:05-23:10,FE-1,USOS/RS Comm. Config For Mated Flight,,,
23:25-23:55,"CDR,FE-2,MS3",STS/ISS Hatch Opening,,,
23:25-23:55,FE-2-18,Installation of SSC,,,
23:40-23:55,FE-1,Orbiter Air Sampling Using AK-1M Sampler (before air ductinstallation),,,
23:55-00:05,.,Crew Welcome Ceremony,,,
00:05-00:30,Safety Briefing,,,,
00:30-01:15,FE-2,Mid-deck transfers,,,
00:30-02:30,FE-1,"IELK Replacement in Soyuz 223, Seat Liner Relocation",,,
GMT,CREW,ACTIVITY,,,
06:00-06:10,"CDR,FE-1",Morning Inspection,,,
06:00-06:05,FE-2,SLEEP - data logging,,,
06:05-06:15,Morning Inspection,,,,
06:10-06:40,"CDR,FE-1",Post-sleep,,,
06:15-06:45,FE-2,,,,
06:40-07:30,"CDR,FE-1",BREAKFAST,,,
06:45-07:35,FE-2,,,,
07:30-07:50,CDR,Nutrition and Repository - Urine Sample Collection,,,
07:50-08:00,Nutrition and Repository - Insertion Of First Urine Samples Into MELFI,,,,
08:00-08:20,Nutrition and Repository - Blood Samples,,,,
08:00-08:15,FE-2,Nutrition and Repository - Blood Sampling Operator,,,
08:20-08:30,CDR,Nutrition and Repository - Refrigerated Centrifuge Setup,,,
08:30-08:40,Nutrition and Repository- Refrigerated Centrifuge Config,,,,
08:45-10:15,FE-2,Physical Exercise (RED),,,
09:10-09:30,CDR,Nutrition and Repository - MELFI Blood Sample Insertion,,,
09:30-09:40,Nutrition and Repository - Stow Blood Sample Collection and ProcessingHardware,,,,
09:45-10:05,FE-1,Private Family Conference (S + Ku-band),,,
10:15-11:15,FE-2,Physical Exercise (TVIS),,,
10:30-10:50,CDR,Nutrition and Repository - Urine Sample Collection,,,
10:50-10:55,Nutrition and Repository - Urine Sample MELFI Insertion,,,,
11:30-13:00,FE-1,"Physical Exercise (TVIS), day 4",,,
11:30-12:30,CDR,Physical Exercise (RED),,,
12:55-13:00,FE-2,On MCC Go ISS O2 repress from Progress 365 СрПК (start),,,
13:00-14:00,.,LUNCH,,,
14:00-14:05,FE-2,ISS O2 repress from Progress 365 СрПК (terminate),,,
14:00-14:15,FE-1,"IRIDIUM phone charging, configuration setup, start charge Tagup as necessary/ r/g 8990",,,
14:00-14:20,CDR,Nutrition and Repository - Urine Sample Collection,,,
14:10-14:25,FE-2,Private Psychological Conference (S-band),,,
14:20-14:25,CDR,Nutrition and Repository - Urine Sample MELFI Insertion,,,
14:30-14:35,FE-1,IRIDIUM phone charging - status check,,,
14:50-14:55,IRIDIUM phone charging - status check,,,,
15:10-15:15,IRIDIUM phone charging - status check,,,,
15:15-15:25,"IRIDIUM phone charge - terminate charge, cleanup",,,,
15:30-17:00,CDR,Physical Exercise (TVIS),,,
15:50-16:10,FE-2,Private Family Conference (S + Ku-band),,,
16:35-17:35,FE-1,"Physical Exercise (VELO+RED), day 4",,,
17:20-17:35,CDR,Private Psychological Conference (S-band),,,
GMT,CREW,ACTIVITY,,,
06:00-06:10,FE-1,Morning Inspection,,,
06:00-06:05,FE-2,SLEEP - FE2 Data Log,,,
06:00-06:20,CDR,Acoustic Dosimeters Equipment Setup (operation 1 of 5),,,
06:05-06:15,FE-2,Morning Inspection,,,
06:10-06:40,FE-1,Post-sleep,,,
06:15-06:45,FE-2,,,,
06:20-06:30,CDR,Morning Inspection,,,
06:30-07:00,Post-sleep,,,,
06:40-07:30,FE-1,BREAKFAST,,,
06:45-07:30,FE-2,,,,
07:00-07:50,CDR,,,,
07:30-08:00,"FE-1,FE-2",Prep for Work,,,
07:50-08:00,CDR,,,,
08:00-08:15,.,Daily Planning Conference (S-band),,,
08:15-09:05,FE-1,"Cleaning ПФ1, ПФ2 Dust Collectors and В1, В2 Fan Grilles in DC1",,,
08:15-09:45,FE-2,Physical Exercise (RED),,,
08:15-08:25,CDR,Prep for Work,,,
08:25-08:50,TVIS Monthly Maintenance,,,,
09:00-09:05,HAM Radio Setup,,,,
09:05-10:05,FE-1,"Cleaning FGB ГЖТ [Gas-Liquid Heat Exchanger] detachable screens 1, 2,and 3",,,
09:05-09:15,CDR,HAM Radio Session,,,
09:15-09:30,IWIS reconfig to RSU initial mode,,,,
09:30-11:00,Physical Exercise (RED),,,,
09:45-10:45,FE-2,Physical Exercise (CEVIS),,,
10:15-11:45,FE-1,"Physical Exercise (TVIS), day 2",,,
10:55-11:00,FE-2,On MCC GO ISS O2 repress from Progress 356 СрПК (start),,,
11:00-12:00,"CDR,FE-2",ULF2 Transfer List Review,,,
11:45-12:05,FE-1,IMS Update,,,
12:00-12:05,FE-2,ISS O2 repress using Progress 365 СрПК (terminate),,,
12:05-13:05,.,LUNCH,,,
13:05-13:35,"CDR,FE-2",Shuttle Prepack Conference (S-band),,,
13:35-14:35,CDR,Hardware Prepack for Return on Shuttle Flight ULF2,,,
13:35-15:35,FE-2,Hardware Prepack for Return on Shuttle Flight ULF2,,,
13:40-14:20,FE-1,СОЖ Maintenance,,,
14:20-15:20,Crew time for ISS adaptation and orientation,,,,
14:35-15:35,CDR,Physical Exercise (TVIS),,,
15:20-15:40,FE-1,PLANTS-1. Data collection.  Tagup with specialists (S-band),,,
15:35-15:50,FE-2,JEM - OIWIF retrieval from JLP1FP1 stowage location,,,
CDR,Questionnaire - CDR journal entry,,,,
GMT,CREW,ACTIVITY,,,
06:00-06:10,"CDR, FE-1",Morning Inspection,,,
06:00-06:05,FE-2,SLEEP - Data Log (FE2),,,
06:05-06:15,Morning Inspection,,,,
06:10-06:40,"CDR, FE-1",Post-sleep,,,
06:15-06:45,FE-2,,,,
06:40-07:30,"CDR, FE-1",BREAKFAST,,,
06:45-07:30,FE-2,,,,
07:30-07:50,"CDR, FE-2",Prep for Work,,,
07:30-07:35,FE-1,Switch Vozdukh to Automatic Mode,,,
07:35-07:50,Prep for Work,,,,
07:50-08:05,,Daily Planning Conference (S-band),,,
08:05-08:15,"CDR, FE-2",Prep for Work,,,
08:05-08:20,FE-1,Switch Vozdukh to Automatic Mode,,,
08:20-09:50,FE-2,Physical Exercise (RED),,,
08:20-10:40,"CDR, FE-1","Komparus A3 units R&R (Removal of КП-МПА, КР-МПА units and cables).Tagup with specialists as necessary (S-band)",,,
09:50-10:50,FE-2,Physical Exercise (TVIS),,,
10:40-11:00,FE-1,PLANTS-1. SW upgrade,,,
10:40-12:10,CDR,Physical Exercise (RED),,,
10:50-12:50,FE-2,Installation of anti-microbial module in TCS COLUMBUS,,,
11:00-11:30,FE-1,Crew time for ISS adaptation and orientation,,,
11:30-13:00,"Physical Exercise (TVIS), day 1",,,,
12:10-12:20,CDR,Oxygen Generation System (OGS) Payload Water Reservoir (PWR) Stow,,,
12:20-12:30,Weekly CWC Audit,,,,
12:55-13:00,D2X Cameras Powerdown,,,,
12:55-13:00,FE-2,On MCC Go ISS O2 repress from Progress 365 СрПК (start),,,
13:00-14:00,.,LUNCH,,,
14:00-16:40,FE-1,"Komparus А3 units R&R (Installation of cables, КР-МПА units, mating КР-МПАconnectors). Tagup with specialists as necessary (S-band)",,,
14:00-14:15,CDR,Questionnaire - CDR journal entry,,,
14:00-14:05,FE-2,ISS O2 repress from Progress 365 СрПК (terminate),,,
14:05-14:15,PAO Hardware Setup,,,,
14:15-14:25,"CDR, FE-2",Crew Prep for PAO,,,
14:25-14:45,PAO Event (Ku + S-band),,,,
14:45-15:35,FE-2,Hardware Pre-pack for Return on Shuttle Flight ULF2,,,
14:45-14:50,CDR,PAO Hardware Deactivation,,,
14:50-15:10,D2X blank photos,,,,
15:10-15:50,"Komparus А3 units R&R (Installation of cables, КР-МПА units, mating КР-МПАconnectors). Tagup with specialists as necessary (S-band)",,,,
15:35-15:50,FE-2,Crew discretionary conference (S-band),,,
GMT,CREW,ACTIVITY,,,
06:00-06:10,.,Morning Inspection,,,
06:10-06:25,FE-2,Post-sleep,,,
06:10-06:20,CDR,Calf Volume Measurement,,,
06:10-06:40,FE-1,Post-sleep,,,
06:20-06:35,CDR,,,,
06:25-06:35,FE-2,Calf Volume Measurement,,,
06:35-06:55,CDR,Repository Urine Collection,,,
06:35-06:50,FE-2,Post-sleep,,,
06:40-06:50,FE-1,Calf Volume Measurement,,,
06:50-07:40,"FE-1,FE-2",BREAKFAST,,,
06:55-07:00,CDR,Nutrition and Repository - Urine Sample MELFI Insertion,,,
07:00-07:50,BREAKFAST,,,,
07:40-08:10,"FE-1,FE-2",Prep for Work,,,
07:55-08:00,CDR,HAM Radio Setup,,,
08:00-08:10,HAM Radio Session,,,,
08:10-08:25,.,Daily Planning Conference (S-band),,,
08:25-08:50,CDR,Prep for Work,,,
08:25-09:55,FE-2,Physical Exercise (RED),,,
08:25-11:25,FE-1,PLANTS-1.  Substrate Wetting. Tagup with specialists (S-band),,,
08:50-09:20,CDR,Replacement of Urine Receptacle [МП] and Filter-Insert [Ф-В] in the toilet[АСУ] / Take МП #0580180 b/c 00045667R; (СМ1РО_1_139_1); Ф-В#710078 b/c 00045764R (СМ1РО_4_АСУ_451_1 bag 363-5). Discard theremoved items.,,,
09:20-10:00,CDR,CGBA5 - CSI02 Insert Removal,,,
09:55-10:55,FE-2,Physical Exercise (CEVIS),,,
10:00-11:00,CDR,Loading disposal hardware onto Progress 365,,,
10:55-12:25,FE-2,ERNO Relocation,,,
11:00-11:20,CDR,Nutrition and Repository - Stow Urine Sampling Hardware,,,
11:20-12:20,Physical Exercise (RED),,,,
11:25-12:55,FE-1,Physical Exercise (TVIS) day 1,,,
12:20-12:50,CDR,Hardware Pre-pack for Return on Shuttle Flight ULF2,,,
12:25-12:45,FE-2,Columbus Return Grid Sensor Housing (RGSH) Inspection and Cleaning,,,
12:45-12:50,JPM and LAB window shutter closure,,,,
12:50-13:50,LUNCH,,,,
12:50-12:55,CDR,On MCC Go ISS O2 repress from Progress 365 СрПК (start),,,
12:55-13:55,"CDR,FE-1",LUNCH,,,
13:50-14:50,FE-2,Hardware Pre-pack for Return on Shuttle Flight ULF2,,,
13:55-14:35,FE-1,"Filling (separation) of EDV [KOB] for Elektron  from CWC #1069, 1030",,,
13:55-14:00,CDR,ISS O2 repress from Progress 365 СрПК (terminate),,,
14:00-14:50,Hardware Pre-pack for Return on Shuttle Flight ULF2,,,,
14:35-15:15,FE-1,СОЖ Maintenance,,,
GMT,CREW,ACTIVITY,,,
06:00-06:10,"CDR, FE-2",Morning Inspection,,,
,FE-1,"Morning InspectionInspection of DC1 Power Panel (БВП) Circuit Breaker [АЗС] fuses in DC1Fuse Boxes БПП-30, БПП-36",,,
06:10-06:40,,Post-sleep,,,
06:40-07:30,BREAKFAST,,,,
07:30-10:30,"CDR, FE-2",Weekly Housekeeping,,,
07:30-10:30,FE-1,"Weekly HousekeepingScreen cleaning in ВПхО, ФС5, ФС6, ВПрК, В3 DC1, FGB ЦВ2",,,
10:30-12:00,FE-2,Physical Exercise (RED),,,
,CDR,Physical Exercise (CEVIS),,,
,FE-1,"Physical Exercise (TVIS), day 4",,,
12:00-13:00,CDR,Physical Exercise (RED),,,
,FE-2,Physical Exercise (CEVIS),,,
12:00-12:50,FE-1,"Replacement of separator in БРПК-2 (Condensate Separation and PumpingUnit) / (Install 701020, b/c 00047120R ФГБ1ПГО_4_415_1 bag 365-13.Discard the removed unit. Update IMS)",,,
13:00-14:00,,LUNCH,,,
14:00-14:05,FE-1,Clean pre-filter in Air Purification System Potok-150МК (use vacuum cleanerand narrow slit nozzle attachment; POTOK must be powered down),,,
14:15-14:45,,Weekly Planning Conference (S-band),,,
14:45-15:05,FE-2,Earthkam: hardware deactivation and stowage,,,
15:05-15:15,EarthKAM power config,,,,
15:15-15:25,BCAT-4 video set up,,,,
15:25-16:25,BCAT-4 Multiple Sample Initialization on Seat Track,,,,
15:40-16:20,CDR,СОЖ Maintenance,,,
16:05-17:05,FE-1,"Physical Exercise (VELO+RED), Day 4",,,
16:25-19:25,"CDR, FE-2",Experimental satellite - test session,,,
19:25-19:30,CDR,Transfer TVIS/RED/HRM data to MEC,,,
19:30-21:30,,"Presleep (Dinner, Daily Food Prep, Evening Toilet)",,,
21:30-06:00,SLEEP,,,,
Task List,FE-1,URAGAN. Observations and photography,,,
ECON. Observation and photo imagery /,,,,,
MATRYOSHKA-R. Monitoring Lulin-5 readings,,,,,
GMT,,CREW,,ACTIVITY,
11:55-12:00,,"FE-2-18,FE-2",,Integrate Immune - Liquid Saliva Sample Collection,
11:55-13:25,,"CDR,FE-1",,"Morning inspection, Post-sleep, Breakfast",
12:00-13:25,,"FE-2,FE-2-18",,,
13:25-13:40,,,,Prep for Work,
13:40-13:55,,,,Daily Planning Conference (S-band),
13:55-14:10,,,,Prep for Work,
14:10-15:10,,FE-2-18,,Physical Exercise (CEVIS),
14:10-15:40,,CDR,,Physical Exercise (RED),
14:30-15:30,,FE-2,,Physical Exercise (TVIS),
17:20-18:20,,FE-1,,"Physical Exercise (VELO + RED), day 2",
18:15-19:15,,"FE-2-18,FE-2,CDR",,LUNCH,
18:20-19:20,,FE-1,,,
19:15-19:25,,CDR,,TEPC Relocation,
19:15-19:20,,FE-2-18,,PAO Hardware Setup,
19:25-20:25,,"FE-2-18,FE-2",,Hardware prepack for return on the Shuttle,
19:55-20:05,,CDR,,EHS: Sampling operations,
20:25-21:55,,FE-1,,"Physical Exercise (TVIS), day 2",
20:25-20:35,,FE-2-18,,Integrated Immune - Stow Crew Saliva Sampling Hardware,
20:25-20:40,,FE-2,,Transfer Return Hardware to the Shuttle,
20:40-21:25,,FE-2,,Mid-deck transfers,
20:55-21:00,,CDR,,Terminate О2 transfer from Orbiter to ISS,
21:00-21:45,,CDR,,O2 circulation system reconfig,
21:25-21:45,,FE-2-18,,Integrate Immune - Blood Sample Collection,
21:55-22:55,,CDR,,Physical exercise (TVIS),
21:55-22:55,,FE-2,,Crew Departure Prep,
22:40-22:55,,FE-2-18,,Private Medical Conference (S-band),
22:55-23:00,,,,Crew Farewell,
23:00-23:30,,"CDR,FE-2-18",,ISS/Shuttle Hatch Closure,
23:25-00:25,,FE-2,,Physical Exercise,
23:40-00:10,,"FE-2-18,CDR,FE-1",,Evening Work Prep,
00:10-00:25,,"FE-1,CDR,FE-2-18",,Daily Planning Conference (S-band),
00:25-02:25,,"FE-2-18,FE-1",,"Dinner, Daily Food Prep, Pre-sleep",
00:25-00:30,,CDR,,Pre-sleep,
00:25-02:50,,FE-2,,,
00:30-00:50,,CDR,,Private Family Conference (S + Ku-band),
00:50-02:25,,CDR,,"Dinner, Daily Food Prep, Pre-sleep",
02:25-10:55,,"FE-2-18,CDR,FE-1",,SLEEP,
02:50-02:55,,FE-2,,Questionnaire - journal entry,
02:55-10:55,,FE-2,,SLEEP,
Task List,,FE-1,,СОЖ Maintenance,
,GMT,,CREW,,ACTIVITY
,13:55-14:05,,"FE-1, CDR, FE-2",,Morning Inspection
,13:55-14:00,,FE-2-18,,Integrate Immune - Liquid Saliva Sample Collection
,14:00-14:10,,FE-2-18,,Morning Inspection
,14:05-14:35,,"FE-1, CDR, FE-2",,Post-sleep
,14:10-14:40,,FE-2-18,,
,14:35-15:10,,FE-2,,BREAKFAST
,14:35-15:25,,"FE-1, CDR",,
,14:40-15:25,,FE-2-18,,
,15:10-15:15,,FE-2,,EVA Camera Test
,15:15-15:40,,FE-2,,EVA Hygiene Break / Prebreathe /Hatch Closure
,15:25-15:55,,"FE-2-18, CDR",,Prep for Work
,15:25-15:55,,FE-1,,"ISS-MCC TV Greetings to B. Ye. Paton on 90th Anniversary; Greetingsto Cosmonautics Federation of Russia on the 30th AnniversaryТо=15:24, Т1,Т2,Т3 from СПП"
,15:40-17:10,,FE-2,,Preparation for EVA
,15:55-16:10,,"FE-1, FE-2-18,CDR",,Daily Planning Conference (S-band)
,16:10-18:40,,FE-1,,"Inspection of Working Compartment (PO) shell and ring behind panels130, 134, 135, 138, 139 and TVIS"
,16:10-16:15,,FE-2-18,,PCMCIA Card Formatting
,16:15-17:00,,CDR,,EFBM prep for ops
,16:15-16:35,,FE-2-18,,EFBM - SCOPEMETER and CURRENT PROBE Installation
,16:35-17:05,,FE-2-18,,ISS Crew Adaptation
,17:00-18:15,,CDR,,"Water Recovery System Kit #3 Installation, Part 2"
,17:05-18:15,,FE-2-18,,GPS antenna assembly
,17:10-17:25,,FE-2,,EMU purge
,17:25-18:15,,FE-2,,Prebreathe in EMU
,18:15-18:30,,CDR,,Manual valve 1 opening to initialize RFTA
,18:15-18:45,,FE-2,,Crew Lock Depress
,18:15-22:10,,FE-2-18,,SSRMS Operations in Support of EVA2
,18:30-19:30,,CDR,,Physical Exercise (RED)
,18:45-19:45,,FE-2,,Physical Exercise (TVIS)
,18:55-19:10,,FE-1,,Verify ИП-1 Flow Meter Configuration
,19:10-19:25,,FE-1,,АОК ГАНК-4М data readout
,19:25-19:30,,FE-1,,Matryoshka-R. Deactivation of AST spectrometer
,19:30-19:40,,FE-1,,Maintenance Closures of Vozdukh Valves
,19:40-20:40,,FE-1,,"Physical Exercise (VELO), day 3"
,19:45-20:45,,FE-2,,Physical Exercise (RED)
,19:50-21:20,,CDR,,RFTA fill
,20:40-21:20,,FE-1,,Pressurize Spare Elektron Liquid Unit #056
,GMT,,CREW,,ACTIVITY
,06:00-06:10,,,,Morning Inspection
,06:10-06:40,,,Post-sleep,
,06:40-07:30,,,BREAKFAST,
,07:30-07:50,,FE-2,,Nutrition and Repository - blood samples
,07:30-07:45,,CDR,,Nutrition and Repository - blood sampling operator
,07:50-08:00,,FE-2,,Nutrition and Repository FE2 - Refrigerated Centrifuge Setup
,07:55-08:25,,"CDR, FE-1",,Prep for Work
,08:00-08:10,,FE-2,,Nutrition and Repository- Refrigerated Centrifuge Config
,08:10-08:25,,,Prep for Work,
,08:25-08:40,,,,Daily Planning Conference (S-band)
,08:40-09:00,,FE-2,,Nutrition and Repository - MELFI Blood Sample Insertion
,09:00-09:15,,,,ISS Crew and ГОГУ (RSA Flight Control Team) Weekly Conference (S-band)
,09:20-09:30,,FE-2,,Nutrition and Repository - Stow Blood Sample Collection and ProcessingHardware
,09:30-10:30,,CDR,,Physical Exercise (RED)
,09:40-10:00,,FE-1,,Soyuz 223 MLI Photography
,10:00-10:40,,,RESPIRATION. Experiment setup. Tagup with specialists (S-band),
,10:30-10:35,,"CDR, FE-2",,BCAT-4 handover
,10:35-11:05,,CDR,,BCAT-4 Hardware Removal
,10:40-10:55,,FE-1,,IMS tagup (S-band)
,11:00-12:30,,FE-2,,Periodic Fitness Evaluation -NOM OPS (subject)
,11:10-12:30,,FE-1,,RESPIRATION. Experiment ops and cleanup. Tagup with specialists (S-band)
,11:35-12:05,,CDR (assists),,Periodic fitness evaluation -Nom Ops
,12:30-14:00,,FE-1,,"Physical Exercise (TVIS), day 1"
,12:30-13:00,,CDR,,Start Filling CWC from the Lab Condensate Tank
,12:30-14:00,,FE-2,,Physical Exercise (RED)
,13:15-13:30,,CDR,,Terminate Filling CWC
,13:50-13:55,,,JPM and LAB window shutter closure,
,14:00-15:00,,"CDR, FE-2",,Hardware Pre-pack for Return on Shuttle Flight ULF2
,14:35-14:55,,FE-1,,"ISS-MCC-M TV. 60th Anniversary Greetings to I. L. Derevyachenko, GeneralDirector of Conversia XXI Association (То=14:31, Т1, Т2,Т3 from СПП)"
,15:00-15:15,,FE-2,,Food frequency questionnaire
,15:00-15:05,,CDR,,HAM Radio Setup
,15:05-15:15,,,HAM Radio Session,
,15:15-15:20,,,HAM radio powerdown in FGB,
,15:20-16:20,,,,Midday meal (crew discretion)
,16:35-16:45,,CDR,,CSA-CP battery replacement
,16:40-16:45,,FE-1,,On MCC Go Switch ПрК-ТК PEV to CLOSED position
GMT,CREW,ACTIVITY,,,
13:55-14:05,,Morning Inspection,,,
14:05-14:35,Post-sleep,,,,
14:35-15:25,BREAKFAST,,,,
15:25-15:40,"CDR,FE-1,FE-2",Prep for Work,,,
15:25-15:40,FE-2-18,TOCA water sample analysis,,,
15:40-15:55,,Daily Planning Conference (S-band),,,
15:55-16:10,"FE-1, FE-2",Prep for Work,,,
15:55-16:00,CDR,D2XS Battery Charge,,,
16:00-16:05,DCS Battery Charging,,,,
16:05-16:10,JEM Window Shutter Closure,,,,
16:10-16:30,,Flight Director / ISS Crew Weekly Tagup (S-band),,,
16:30-18:05,"FE-2-18,FE-2",Handover from ISS18,,,
16:30-17:30,CDR,Physical Exercise (RED),,,
16:30-16:45,FE-1,Verify ИП-1 Flow Meter Configuration,,,
16:45-17:55,"PILOT-M. Experiment Setup (install sensors, test signals) Tagup with specialists(S-band)",,,,
17:30-19:00,CDR,Physical Exercise (TVIS),,,
17:55-18:55,FE-1,PILOT-M. FE1 runs the experiment using Neurolab. Tagup with specialists (S-band),,,
18:05-18:20,FE-2,3D SPASE Installation,,,
18:05-18:15,FE-2-18,TOCA water sample analysis,,,
18:15-19:10,Physical Exercise (CEVIS),,,,
18:20-18:50,FE-2,3D SPASE Experiment,,,
18:50-19:05,3D SPASE Stow,,,,
18:55-19:35,FE-1,PILOT-M. Closeout Ops (deactivate sensors and teardown setup and work site)Tagup with specialists (S-band),,,
19:05-19:40,FE-2,ITCS sample collection in Columbus,,,
19:10-19:15,FE-2-18,Activation of JEMRMS RLT Laptop,,,
19:15-19:25,Configure DOUG in JPM for robotics ops,,,,
19:25-19:40,JEMRMS Final Activation Part 1,,,,
19:35-21:05,FE-1,"Physical Exercise (TVIS), day 3",,,
19:40-19:50,FE-2-18,JEMRMS BUS Monitor Start,,,
19:40-20:05,FE-2,PHOSRA-1 coolant sampling,,,
19:50-20:35,FE-2-18,JEMRMS Maneuver to EE Access Position,,,
19:50-19:55,CDR,PAO Hardware Setup,,,
20:05-21:05,FE-2,Physical Exercise (CEVIS),,,
20:35-20:45,FE-2-18,JEMRMS BUS Monitor Stop,,,
20:45-20:50,JEMRMS Deactivation Preparation,,,,
20:50-20:55,D2XS Battery charge,,,,
20:55-21:05,TOCA water sample analysis,,,,
GMT,CREW,ACTIVITY,,,
14:25-14:35,,Morning Inspection,,,
14:35-15:05,Post-sleep,,,,
15:05-15:55,BREAKFAST,,,,
15:55-16:05,CDR,Prep for Work,,,
15:55-16:25,"FE-2,FE-2-18",,,,
,FE-1,Preparation of Orlan Replaceable Components,,,
16:05-16:10,CDR,Close N2 Feed Valve,,,
16:10-16:25,Centerline Berthing Camera System (CBCS) Power up,,,,
16:25-16:40,.,Daily Planning Conference (S-band),,,
16:40-18:10,CDR,Physical Exercise (RED),,,
16:40-17:10,FE-1,Preparation of Orlan Replaceable Components,,,
16:40-16:45,FE-2,D2XS Battery charge,,,
,FE-2-18,JEM Window Shutter Closure,,,
16:45-18:10,ISS Crew Adaptation,,,,
16:45-16:50,FE-2,DCS Battery Charging,,,
16:50-17:00,IWIS Removal,,,,
17:00-17:10,Internal Wireless Integrated System (IWIS) Remote Sensor Unit (RSU)Accelerometer Cable Disconnect,,,,
17:10-17:40,MPLM Vestibule Equipment Setup,,,,
17:10-17:50,FE-1,Working with Orlan Replaceable Components,,,
17:40-18:40,FE-2,Activation of CSA-SP analyzer,,,
17:50-19:50,FE-1,"Backup Bladder Leak Check, Spacesuit and БСС (Orlan Interface Unit)Leak Check, and Valve TestsDC1 Comm ProcedureAfter the activities are complete",,,
18:10-18:15,FE-2-18,Verify Node2 Nadir CBM Pre-Mate Status,,,
18:10-18:55,CDR,"CGBA5 Bioprocessing Apparatus , CSI3 Installation And Activation",,,
18:15-18:45,FE-2-18,ISS Crew Adaptation,,,
18:40-19:00,FE-2,Mid-deck transfers,,,
18:45-19:00,FE-2-18,Node 2 Nadir CBM First Stage Capture,,,
18:55-19:10,CDR,MPLM Vestibule Safing,,,
19:00-19:05,FE-2,D2XS Battery Charge,,,
19:05-19:50,FE-2-18,Node 2 Nadir CBM 2nd Stage Capture & Acquire Bolts -MPLM,,,
19:05-20:20,FE-2,Mid-deck transfers,,,
19:10-19:25,CDR,SLEEP - data upload and initialization,,,
19:25-20:05,SLEEP - data downlink and initialization,,,,
19:50-20:20,FE-2-18,ISS Crew Adaptation,,,
19:50-20:05,FE-1,Drying Sokol Space Suits,,,
20:05-20:20,Verify ИП-1 Flow Meter Configuration,,,,
20:20-21:20,.,LUNCH,,,
21:20-22:10,FE-1,PILLE Dosimeter Reading,,,
21:20-21:40,CDR,Removal of Centerline Berthing Camera System (CBCS) from Node2 port,,,
GMT,,CREW,,ACTIVITY,
09:30-09:40,,,,Morning Inspection,
09:40-10:10,,,Post-sleep,,
10:10-11:00,,,BREAKFAST,,
11:00-11:15,,FE-1,,БМП Ф2 Absorption Cartridge Regeneration (start),
11:00-12:30,,FE-2,,Physical Exercise (RED),
11:55-12:35,,CDR,,Ku-band TV downlink configuration set up,
12:30-13:30,,FE-2,,Physical Exercise (TVIS),
12:35-13:05,,"CDR, FE-1",,Testing TV Ku-band (Ku-band),
13:05-13:15,,CDR,,Photo/TV: Laptop A31P deactivation,
13:30-14:00,,,,Weekly planning conference (S-band),
14:00-15:00,,FE-1,,Physical Exercise (VELO+RED) day 4,
14:30-15:30,,CDR,,Physical Exercise (RED),
15:00-15:05,,FE-1,,Pre-filter cleaning in POTOK-150МК Air Purification System (use vacuum cleanerwith a narrow nozzle attachment; power down the POTOK system ),
15:30-16:30,,.,,LUNCH,
16:30-16:45,,CDR,,Questionnaire - CDR journal entry,
16:30-17:10,,FE-1,,СОЖ Maintenance,
17:35-18:30,,"CDR, FE-1",,Progress Docking Conference (S-band),
18:30-18:50,,FE-2,,Private Family Conference (Ku + S-band),
18:35-20:05,,CDR,,Physical Exercise (CEVIS),
18:45-20:15,,FE-1,,"Physical Exercise (TVIS), day 4",
20:05-20:25,,CDR,,Private Family Conference (Ku + S-band),
20:15-20:45,,FE-1,,Evening Work Prep,
20:20-20:25,,FE-2,,JPM and LAB window shutter closure,
20:25-20:45,,"CDR, FE-2",,Evening Work Prep,
20:45-21:00,,,,Daily Planning Conference (S-band),
21:00-22:45,,FE-1,,"Presleep (dinner, daily food prep, evening toilet)",
21:00-23:00,,"CDR, FE-2",,"Presleep (dinner, daily food prep, evening toilet)",
22:45-23:00,,FE-1,,БМП Ф2 cartridge regeneration (termination),
23:00-08:00,,.,,SLEEP,
Task List,,FE-1,,DIATOMEA. Ocean Observation and Photography,
,,ECON. Observation and photography,,,
,,Searching and configuring equipment for MAI-75 Experiment,,,
GMT,CREW,ACTIVITY,,,
10:55-11:05,"CDR,FE-2",Morning Inspection,,,
10:55-11:10,FE-1,БМП Ф1 Absorption Cartridge Regeneration (start),,,
11:05-11:35,"FE-2,CDR",Post-sleep,,,
11:10-11:35,FE-1,,,,
11:35-12:25,,BREAKFAST,,,
12:25-12:40,,Daily Planning Conference (S-band),,,
12:40-12:50,FE-1,Prep for Work,,,
12:40-13:10,"CDR,FE-2",,,,
12:50-13:10,FE-1,800а Unit Ventilation Efficiency Test,,,
13:10-13:20,FE-1,BAR. Start ТТМ Charging,,,
13:10-13:15,FE-2,Closing JEM window shutters,,,
13:20-13:35,FE-1,Prep for Work,,,
13:20-13:25,FE-2,Payload status check,,,
13:35-15:05,FE-1,"Changeout of СРВК-2М Water Conditioning Unit Purification Columns(БК БКВ) Install unit #601011, СМ1РО_3_330_1, B/C  00047754Rbag 363-20, update IMS",,,
14:10-14:30,CDR,PMA2 Depress,,,
14:45-15:05,CDR,PMA2 config for Shuttle departure,,,
14:55-15:15,FE-2,Undocking Photo/TV,,,
15:10-15:50,FE-1,СОЖ Maintenance,,,
15:10-15:40,"CDR,CDR",PMA2 Depress,,,
15:45-17:15,FE-2,Physical Exercise (RED),,,
16:50-17:10,CDR,PMA2 Depress,,,
17:00-17:05,FE-1,Restore nominal comm config,,,
17:05-18:05,FE-1,LUNCH,,,
17:15-17:25,FE-2,IWIS Removal,,,
17:25-18:25,"CDR,FE-2",LUNCH,,,
18:05-19:45,FE-1,800А Unit Ventilation Efficiency Test,,,
18:25-18:45,CDR,PMA2 Leak Check Termination and Equipment Teardown,,,
18:45-19:05,CDR,BPSMU Stow,,,
19:05-19:20,CDR,Questionnaire - journal entry,,,
19:45-21:15,FE-1,"Physical Exercise (TVIS), day 1",,,
20:05-21:05,FE-2,Physical Exercise (CEVIS),,,
20:25-21:25,CDR,Physical Exercise (RED),,,
21:15-22:15,FE-1,"Physical Exercise (VELO + RED), day 1",,,
21:25-22:55,CDR,Physical Exercise (TVIS),,,
22:15-22:35,FE-1,IMS File Prep,,,
22:55-01:00,"FE-2,CDR","Dinner, Daily Food Prep, Pre-sleep",,,
22:55-00:45,FE-1,,,,
00:45-01:00,FE-1,БМП Ф1 Absorption Cartridge Regeneration (termination),,,
01:00-10:00,,SLEEP,,,
GMT,CREW,ACTIVITY,,,
06:00-06:10,"CDR, FE-1",Morning Inspection,,,
06:00-06:05,FE-2,SLEEP - Data Log (FE2),,,
06:05-06:15,Morning Inspection,,,,
06:10-06:40,"CDR, FE-1",Post-sleep,,,
06:15-06:45,FE-2,,,,
06:40-07:30,"CDR, FE-1",BREAKFAST,,,
06:45-07:30,FE-2,,,,
07:30-07:45,,Daily Planning Conference (S-band),,,
07:45-08:10,Prep for Work,,,,
08:10-09:50,"CDR, FE-1",Komparus А3 System R&R(КД-МПА-01 removal). Tagup with specialists asnecessary (S-band),,,
08:10-08:15,FE-2,Connect DCP Power Cable,,,
08:15-09:45,Physical Exercise (RED),,,,
09:45-10:45,Physical Exercise (CEVIS),,,,
09:50-11:20,CDR,Physical Exercise (RED),,,
,FE-1,"Physical Exercise (TVIS), day 4",,,
10:45-11:10,FE-2,Restart JEU and EXT2 power,,,
11:10-11:20,PTU ELBOW activation and configuration for inspection,,,,
11:20-13:00,"CDR, FE-1","Komparus А3 System R&R (Remove boxes ТА 601 БКЗ-1, ТА601 БКЗ-2, КС1-МПА-01). Tagup with specialists as necessary (S-band)",,,
11:20-12:20,FE-2,Hardware Pre-pack for Return on Shuttle Flight ULF2,,,
12:40-12:45,Cupola RWS PCS Power Up,,,,
12:45-13:05,Starting DOUG software to support SSRMS ops,,,,
13:00-13:05,FE-1,On MCC Go ISS O2 repress from Progress 365 СрПК (start) /,,,
13:05-14:05,,LUNCH,,,
14:05-14:10,FE-1,ISS O2 repress from Progress 365 СрПК (terminate),,,
14:05-14:35,"CDR, FE-2",SSRMS External Stowage Platform 3 (ESP-3) Grapple,,,
14:10-16:10,FE-1,Removal of Komparus A3 units (de-mate connectors from КР-МПА and КД-МПА) Tagup with specialists as necessary (S-band),,,
14:35-15:05,"CDR, FE-2",Demating Umbilical Mechanism Assembly (UMA) and Deploying Capture LatchAssembly (CLA),,,
15:05-17:05,SSRMS Grappling LAB PDGF,,,,
16:10-16:40,FE-1,Cleaning LIV TVS Voltage Converter Ventilation Grille,,,
16:40-17:15,Elektron Purge / r/g,,,,
17:05-18:05,CDR,Physical Exercise (CEVIS),,,
17:05-17:10,FE-2,PCS power down,,,
17:10-17:50,СОЖ Maintenance. Verify ИП-1 sensor installation,,,,
17:15-18:15,FE-1,"Physical Exercise (VELO+RED), Day 4",,,
17:55-18:55,FE-2,Evening Work Prep,,,
18:15-18:30,FE-1,"Replacement of ИК0501 CO2 filter unit (Install #031 ш/к 008546R,",,,
,GMT,,CREW,,ACTIVITY
,13:55-14:05,,,,Morning Inspection
,14:05-14:35,,,,Post-sleep
,14:35-15:25,,,,BREAKFAST
,15:25-15:40,,,,Daily Planning Conference (S-band)
,15:40-16:10,,FE-1,,Prep for Work
,15:40-16:10,,CDR,,CEVIS Removal
,15:40-16:05,,FE-2-18,,Prep for Work
,15:40-16:00,,FE-2,,Prep for Work
,16:00-16:05,,FE-2,,DCS battery charging
,16:05-16:10,,FE-2-18,,JEM Window Shutter Closure
,16:05-16:10,,FE-2,,D2XS Battery charge
,16:10-17:10,,"FE-2-18, FE-2",,CIR Rack Installation
,16:10-16:20,,FE-1,,Matryoshka. Start Data Copy From БСПН (Payload Server)
,16:10-16:40,,CDR,,Prep for Work
,16:20-17:50,,FE-1,,"Physical Exercise (TVIS), day 2"
,16:40-17:40,,"MS1, CDR",,Waste and Hygiene Compartment Rack Transfer from MPLM to ISS
,17:10-18:10,,"FE-2-18, FE-2",,Crew Quarters Transfer from MPLM to ISS
,17:40-18:40,,CDR,,Physical Exercise (RED)
,17:50-18:00,,FE-1,,Matryoshka. Terminate Data Copy From БСПН (Payload Server)
,18:10-18:40,,FE-1,,"TV Greetings on the 70th Anniversary of the Special Machine BuildingSchool at N. E. Bauman Moscow State Technical University  TV PAObetween the crew and N. Kiselev, the host of Otrazheniye (Reflection)Show"
,18:10-19:10,,"FE-2-18, FE-2",,RSR Transfer from N0D2S5 to MPL1P3
,18:40-20:10,,CDR,,Physical Exercise (TVIS)
,18:40-20:40,,FE-1,,SM Ventilation System Preventive Maintenance Group B
,19:10-19:15,,FE-2,,D2XS Battery charge
,19:15-20:15,,"FE-2-18, FE-2",,Starboard Crew Quarters Installation
,20:10-20:15,,CDR,,PAO Hardware Setup
,20:15-21:00,,"CDR, FE-2-18,FE-2",,MPLM transfers
,20:40-21:00,,FE-1,,IMS file prep
,21:00-22:00,,,,LUNCH
,22:00-23:20,,FE-2,,MPLM transfers
,22:00-22:40,,CDR,,MPLM transfers
,22:00-22:30,,FE-1,,Pre-pack Root Module for the Shuttle return
,22:00-22:30,,FE-2-18,,Post-EVA D2XS camera reconfig
,22:30-23:10,,FE-1,,СОЖ Maintenance
,22:30-22:45,,FE-2-18,,Post-EVA 2 D2XS camera reconfig
,22:40-01:10,,CDR,,Water Recovery System Kit #3 Installation - Part 1
GMT,CREW,ACTIVITY,,,
13:55-14:05,"CDR,FE-1",Morning Inspection,,,
13:55-14:00,"FE-2,FE-2-18",Integrate Immune - Liquid Saliva Sample Collection,,,
14:00-14:05,"FE-2,FE-2-18",Morning Inspection,,,
14:05-14:35,.,Post-sleep,,,
14:35-15:25,"CDR,FE-1,FE-2",BREAKFAST,,,
14:35-15:10,FE-2-18,BREAKFAST,,,
15:10-15:15,FE-2-18,EVA Camera Test,,,
15:15-15:40,FE-2-18,EVA Hygiene Break / Prebreathe /Hatch Closure,,,
15:25-15:55,"CDR,FE-1",Prep for Work,,,
15:25-15:50,FE-2,Prep for Work,,,
15:40-17:10,FE-2-18,Preparation for EVA,,,
15:50-15:55,FE-2,HAM Radio Deactivation,,,
15:55-16:10,"CDR,FE-1,FE-2",Daily Planning Conference (S-band),,,
16:10-16:15,FE-2,JEM Window Shutter Closure,,,
16:10-16:30,CDR,CSA-O2 Calibration,,,
16:10-16:30,FE-1,KUBIK-2. Hardware Prepack for Return on the Shuttle,,,
16:15-17:15,FE-2,Physical Exercise (CEVIS),,,
16:30-17:30,CDR,Physical Exercise (RED),,,
16:30-16:50,FE-1,PLANTS-1. Data collection and downlink,,,
17:00-17:30,FE-1,Soyuz 223 ХСА БО В1 Fan Troubleshooting,,,
17:10-17:25,FE-2-18,EMU Purge,,,
17:15-20:45,FE-2,MPLM Transfers,,,
17:25-18:15,FE-2-18,Prebreathe in EMU,,,
17:30-19:00,FE-1,"Physical Exercise (TVIS), day 3",,,
17:30-20:45,CDR,MPLM Transfers,,,
18:15-18:45,FE-2-18,Crew Lock Depress,,,
18:45-18:50,FE-2-18,JEMRMS Main Arm Final Activation Part 2,,,
18:50-19:50,FE-2-18,Physical Exercise (CEVIS),,,
19:25-20:05,FE-1,"Filling (separation) EDV [KOB] for Elektron  from CWC 1076 (NOD1D2,b/c 00059263J)",,,
20:05-20:45,FE-1,СОЖ Maintenance,,,
20:45-21:45,"CDR,FE-1,FE-2",LUNCH,,,
20:45-21:15,FE-2-18,JEMRMS Operation for EVA4 Support,,,
21:15-22:15,FE-2-18,LUNCH,,,
21:45-22:15,CDR,Water Recovery System Sample Collection for Testing and Return,,,
21:45-22:00,FE-1,Verify ИП-1 Flow Meter Configuration,,,
21:45-00:15,FE-2,Node 2 Nadir CBM Controller Panel Assembly (CPA) Installation,,,
22:00-00:00,FE-1,"Audit of available stowage space in FGB, SM, and DC1",,,
22:15-22:45,CDR,Water Microbiology Kit (WMK) In-Flight Water Processing,,,
22:15-22:25,FE-2-18,TOCA sample processing,,,
GMT,CREW,ACTIVITY,,,
06:00-06:10,CDR,Acoustic dosimeters: post-sleep data recording (operation 3 of 5),,,
,FE-1,SONOCARD. Experiment termination,,,
06:00-06:05,FE-2,SLEEP - Data Log (FE2),,,
06:05-06:15,Morning Inspection,,,,
06:10-06:20,CDR,Acoustic dosimeters: hardware setup for static measurements,,,
,FE-1,Morning Inspection,,,
06:15-06:45,FE-2,Post-sleep,,,
06:20-06:30,CDR,Morning Inspection,,,
06:20-06:50,FE-1,Post-sleep,,,
06:30-07:00,CDR,,,,
06:45-07:30,FE-2,BREAKFAST,,,
06:50-07:30,FE-1,,,,
07:00-07:50,CDR,,,,
07:30-07:35,FE-1,Prep for Work,,,
07:30-07:50,FE-2,,,,
07:35-07:50,FE-1,SONOCARD. Copy Data to RSE-MED Laptop,,,
07:50-08:05,.,Daily Planning Conference (S-band),,,
08:05-08:20,CDR,Prep for Work,,,
08:05-08:15,FE-2,,,,
08:05-08:25,FE-1,PLANTS-1. Data collection and downlink Tagup with specialists (S-band),,,
08:15-08:20,FE-2,JEMRMS Back Up Controller (BUC) Power On,,,
08:20-09:20,"Ventilation grille cleaning on FGB interior panels (panels 201, 301, 401)",,,,
08:20-10:05,CDR,RED R&R,,,
08:25-10:55,FE-1,Preparation for Komparus A3 Modules R&R. Tagup with specialists (S-band),,,
09:20-10:20,FE-2,Physical Exercise (CEVIS),,,
10:10-10:15,CDR,HAM Radio Setup,,,
10:15-10:25,HAM Radio Session,,,,
10:20-11:50,FE-2,Physical Exercise (RED),,,
10:25-10:35,CDR,Hardware Prepack for Return on Shuttle Flight ULF2,,,
10:35-12:05,Physical Exercise (RED),,,,
10:55-11:55,FE-1,"Komparus A3 Modules R&R (switching ППС148А caps)Tagup with specialists(S-band) / r/g 8956; 8962, step 3",,,
12:05-13:05,"CDR, FE-2",DOUG Software Review,,,
12:10-12:50,FE-1,PLANTS-1 (LADA-MIS). Filling KDV Water Tank. Tagup with specialists (S-band),,,
12:50-12:55,On MCC Go ISS O2 repress from Progress 365 СрПК (start),,,,
12:55-13:55,LUNCH,,,,
13:05-14:05,"CDR, FE-2",LUNCH,,,
13:55-14:00,FE-1,ISS O2 repress from Progress 365 СрПК (terminate),,,
14:00-15:00,Crew time for ISS adaptation and orientation,,,,
GMT,CREW,ACTIVITY,,,
12:55-14:25,"CDR, FE-1, FE-2","Morning inspection, Post-sleep, Breakfast",,,
12:55-13:00,FE-2-18,Integrate Immune - Dry Saliva Sample Collection,,,
13:00-14:25,"Morning inspection, Post-sleep, Breakfast",,,,
14:25-14:55,"FE-1, FE-2, FE-2-18",Prep for Work,,,
14:25-14:50,CDR,Prep for Work,,,
14:50-14:55,JEM Window Shutter Closure,,,,
14:55-15:10,,Daily Planning Conference (S-band),,,
15:10-15:30,FE-2,Private Family Conference (S + Ku-band),,,
15:10-18:10,"CDR, FE-1",TORU OBT. Tagup with specialists (S-band),,,
15:10-16:40,FE-2-18,WRS Tank Offload,,,
15:30-16:15,FE-2,Crew Departure Prep,,,
16:15-17:15,Physical Exercise (TVIS),,,,
16:40-17:15,FE-2-18,КТО Removal,,,
17:15-18:15,"FE-2, FE-2-18",Increment 18 Crew Handover,,,
18:10-19:40,FE-1,"Physical Exercise (TVIS), Day 1",,,
18:10-19:40,CDR,Physical Exercise (RED),,,
18:15-20:45,FE-2,MPLM / NODE2 Vestibule Depress,,,
18:15-20:05,FE-2-18,Post-EVA tool stowage,,,
19:50-20:05,CDR,Video Camera Assembly Stowage in Columbus,,,
20:05-21:05,"CDR, FE-1, FE-2-18",LUNCH,,,
20:45-21:45,FE-2,,,,
21:05-21:20,FE-1,Verify ИП-1 Flow Meter Configuration,,,
21:05-21:50,FE-2-18,Node 2 Nadir CBM Demate,,,
21:05-21:20,CDR,Questionnaire - FE-2 journal entry,,,
21:45-22:30,Equipment config for O2 transfer from Orbiter to ISS,,,,
21:45-22:45,FE-1,"Physical Exercise (VELO), Day 1",,,
21:50-22:40,"FE-2, FE-2-18",Increment 18 Crew Handover,,,
22:30-22:40,CDR,Start O2 Transfer,,,
22:40-23:40,Physical Exercise (TVIS),,,,
22:40-22:55,"FE-2, FE-2-18",Double Cold Bag (DCB) Packing Familiarization,,,
22:55-23:55,FE-2,Physical Exercise (RED),,,
22:55-23:55,FE-2-18,Physical Exercise (CEVIS),,,
23:35-23:55,FE-1,IMS file prep,,,
23:40-00:40,CDR,Water Recovery System (WRS) Sample Collection,,,
23:55-00:25,FE-2-18,Installation of АСУControl Panel,,,
23:55-00:25,FE-2,Crew Departure Prep,,,
GMT,CREW,ACTIVITY,,,
13:55-14:05,"CDR,FE-1",Morning Inspection,,,
13:55-14:00,"FE-2,FE-2-18",Integrated Immune - Liquid Saliva Sample Collection,,,
14:01-14:11,"FE-2-18,FE-2",Morning Inspection,,,
14:05-14:35,"CDR,FE-1",Post-sleep,,,
14:11-14:41,"FE-2,FE-2-18",Post-sleep,,,
14:35-15:25,FE-1,BREAKFAST,,,
14:35-15:11,CDR,BREAKFAST,,,
14:41-15:31,"FE-2-18,FE-2",BREAKFAST,,,
15:11-15:15,CDR,EVA Camera Test,,,
15:15-15:41,CDR,EVA Hygiene Break / Prebreathe /Hatch Closure,,,
15:25-15:55,FE-1,Prep for Work,,,
15:31-15:35,FE-2-18,HAM Radio Powerdown,,,
15:31-15:55,FE-2,Prep for Work,,,
15:35-15:55,FE-2-18,Prep for Work,,,
15:40-17:10,CDR,Preparation for EVA,,,
15:55-15:11,"FE-2,FE-2-18,FE-1",Daily Planning Conference (S-band),,,
16:11-18:15,"FE-2-18,FE-2",Handover to ISS-18 Crew,,,
16:11-20:51,FE-1,Mounting РТ-ВКА on К2-ВКА-01 in SMMounting К2-ВКА-01 (from FGB) on К2-ВКА-01 (in SM)On MCC GO Mate Telemetry Connectors (S-band),,,
17:11-17:25,CDR,EMU Purge,,,
17:25-18:15,CDR,Prebreathe in EMU,,,
18:15-18:45,CDR,Crew Lock Depress,,,
18:15-19:15,FE-2,Physical Exercise (TVIS),,,
18:15-19:15,FE-2-18,MPLM Transfers,,,
18:45-19:45,CDR,Physical Exercise (RED),,,
19:15-21:15,"FE-2-18,FE-2",Handover to ISS-18 Crew,,,
19:45-21:15,CDR,Physical Exercise (TVIS),,,
21:15-22:15,"CDR,FE-2,FE-2-18",LUNCH,,,
21:15-21:25,FE-1,Elektron БД [Secondary Purification Unit] Temperature Check,,,
21:25-22:15,FE-1,LUNCH,,,
22:15-23:41,FE-2,MPLM Transfers,,,
22:15-22:55,FE-1,СОЖ Maintenance,,,
22:15-23:55,"CDR,FE-2-18",PWD Hose Routing,,,
22:55-23:15,FE-1,IMS update,,,
23:15-23:31,FE-1,Verify ИП-1 Flow Meter Configuration,,,
23:31-23:41,FE-1,Ethernet Network Test,,,
23:45-00:45,FE-1,"Physical Exercise (VELO), day 1",,,
23:55-00:25,FE-2-18,ER6 Rack Umbilical Mate,,,
00:01-00:21,FE-2,OIH and OIWIF preparation for EVA4,,,
00:21-00:31,FE-2,IWIS Data Download,,,
GMT,CREW,ACTIVITY,,,
13:55-14:00,FE-2-18,Integrate Immune - Dry Saliva Sample Collection,,,
13:55-14:05,"CDR,FE-1,FE-2",Morning Inspection,,,
14:00-14:05,FE-2-18,,,,
14:05-14:35,.,Post-sleep,,,
14:35-15:25,BREAKFAST,,,,
15:25-15:50,CDR,Prep for Work,,,
15:25-15:40,FE-1,,,,
15:25-15:55,"FE-2,FE-2-18",,,,
15:40-15:55,FE-1,Verify ИП-1 Flow Meter Configuration,,,
15:50-15:55,CDR,JEM Window Shutter Closure,,,
15:55-16:10,.,Daily Planning Conference (S-band),,,
16:10-19:35,"FE-2,FE-2-18",Handover from ISS18,,,
16:10-16:20,FE-1,Prep for Work,,,
16:10-17:10,CDR,Physical Exercise (TVIS),,,
16:20-16:35,FE-1,Private Medical Conference (Ku + S-band),,,
16:35-17:00,FGB ЦВ1 Fan Screen Cleaning,,,,
17:00-21:00,MATRYOSHKA. Remove and pre-pack detectors for return on theShuttle,,,,
17:10-17:25,CDR,MPLM Egress,,,
17:25-17:45,MPLM Deactivation,,,,
17:45-19:15,Disconnecting MPLM/NODE 2 Vestibule Outfitting Hardware,,,,
19:15-21:45,MPLM / NODE2 Vestibule Depress /,,,,
19:35-19:50,FE-2-18,Start Filling CWC from the Lab Condensate Tank,,,
19:35-20:35,FE-2,Physical Exercise (CEVIS),,,
19:50-20:50,FE-2-18,Physical Exercise (RED),,,
20:50-21:05,FE-2-18,Terminate filling CWC from Lab Condensate Tank,,,
21:00-22:00,FE-1,LUNCH,,,
21:00-21:05,FE-2,PAO Hardware Setup,,,
21:05-22:05,"FE-2,FE-2-18",LUNCH,,,
21:45-22:45,CDR,,,,
22:00-23:00,FE-1,MATRYOSHKA. Remove and pre-pack detectors for return on theShuttle,,,
22:05-22:50,FE-2,Crew Departure Prep,,,
22:05-22:50,FE-2-18,Removing CBM bolts and deploying latches,,,
22:45-23:30,CDR,O2 transfer reconfig,,,
22:50-23:40,"FE-2,FE-2-18",Handover from ISS18,,,
23:00-23:40,FE-1,СОЖ Maintenance,,,
23:30-23:40,CDR,Start O2 Transfer,,,
23:40-01:10,Physical Exercise (RED),,,,
23:40-23:55,"FE-2,FE-2-18",Familiarization with Physical Exercise and TVIS procedures,,,
GMT,CREW,,ACTIVITY,,
06:00-06:10,"CDR, FE-1",Morning Inspection,,,
06:00-06:05,,SLEEP - data logging,,,
,FE-2,,,,
06:05-06:15,,Morning Inspection,,,
06:10-06:40,"CDR, FE-1",,,,
,,Post-sleep,,,
06:15-06:45,FE-2,,,,
06:40-07:30,"CDR, FE-1",,,,
,,BREAKFAST,,,
06:45-07:30,FE-2,,,,
07:30-10:30,FE-2,Weekly Housekeeping,,,
,,Stow cargo items on FGB plane I after Komparus A3 system R&R. Tagup with,,,
07:30-08:30,"CDR, FE-1",,,,
,,specialists as necessary (S-band) /,,,
08:40-08:55,FE-1,БМП Ф2 Absorption Cartridge Regeneration (start),,,
09:00-10:30,,Physical Exercise (RED),,,
,CDR,,,,
10:30-12:30,,Weekly Housekeeping,,,
10:30-12:00,FE-2,Physical Exercise (RED),,,
11:30-13:00,FE-1,"Physical Exercise (TVIS), day 3",,,
12:00-13:00,FE-2,Physical Exercise (CEVIS),,,
12:30-12:40,,Nutrition Hardware set up for experiment and blood collection,,,
,CDR,,,,
12:40-13:00,,Nutrition and Repository - equipment setup for urine sample collection,,,
13:00-14:00,,LUNCH,,,
,,,,,
14:05-14:35,,Weekly planning conference (S-band),,,
14:35-15:35,CDR,Weekly Housekeeping,,,
,,Weekly Housekeeping,,,
14:35-17:35,FE-1,Cleaning В3СО1 and FGB ЦВ2 screens. Cleaning ПФ1-4 Dust Filter Cartridge (use,,,
,,vacuum cleaner),,,
14:35-14:40,,On MCC Go ISS O2 repress from Progress 365 СрПК (start),,,
14:40-15:20,FE-2,СОЖ maintenance,,,
15:35-15:40,,ISS O2 repress from Progress 365 СрПК (terminate),,,
15:40-18:30,CDR,SPHERES - session,,,
15:40-19:10,FE-2,Experimental Satellites Test Session,,,
17:35-18:35,FE-1,"Physical Exercise (VELO+RED), day 3",,,
18:30-19:30,CDR,Physical Exercise (TVIS),,,
19:30-21:00,FE-1,"Presleep (Dinner, Daily Food Prep, Evening Toilet)",,,
19:30-21:30,"CDR, FE-2","Presleep (Dinner, Daily Food Prep, Evening Toilet)",,,
21:00-21:15,,БМП Ф2 Absorption Cartridge Regeneration (termination),,,
,FE-1,,,,
21:15-21:30,,Pre-sleep,,,
21:30-06:00,,SLEEP,,,
,,URAGAN. Observations and photography,,,
Task List,FE-1,ECON. Observations and photography,,,
,,PLANTS-1. Data collection and downlink. Fill up КДВ Water Tank,,,
GMT,CREW,ACTIVITY,,,
13:55-14:05,"CDR, FE-2, FE-2-18",Morning Inspection,,,
13:55-14:05,FE-1,SONOCARD. Experiment Termination,,,
14:05-14:15,Morning Inspection,,,,
14:05-14:35,"CDR, FE-2, FE-2-18",Post-sleep,,,
14:15-14:45,FE-1,,,,
14:35-15:25,"CDR, FE-2-18",BREAKFAST,,,
14:35-15:10,FE-2,,,,
14:45-15:25,FE-1,,,,
15:10-15:15,FE-2,EVA Camera Test,,,
15:15-15:40,EVA Hygiene Break / Prebreathe /Hatch Closure,,,,
15:25-15:40,FE-1,SONOCARD. Copy Data to RSE-MED Laptop and Downlink UsingOCA,,,
15:25-15:50,"CDR, FE-2-18",Prep for Work,,,
15:40-15:50,FE-1,,,,
15:40-17:10,FE-2,Preparation for EVA,,,
15:50-16:05,"CDR,  FE-1, FE-2-18",Daily Planning Conference (S-band),,,
16:05-16:20,FE-1,Comm config,,,
16:05-16:10,FE-2-18,JEM Window Shutter Closure,,,
16:10-17:10,CDR,Physical Exercise (RED),,,
16:10-17:10,FE-2-18,ISS Crew Adaptation,,,
16:20-16:40,FE-1,Orlan and БСС telemetry check. Space Suit 0049 Comm Check.Tagup with specialists (VHF),,,
16:40-16:55,Restore nominal comm. configuration after comm check from thespace suit,,,,
16:55-17:15,Installing Lights on Orlan 004,,,,
17:10-18:10,"CDR, FE-2-18",ARED Transfer,,,
17:10-17:25,FE-2,EMU purge,,,
17:15-17:45,FE-1,Orlan 004 Stowage Configuration,,,
17:25-18:15,FE-2,Prebreathe in EMU,,,
17:45-18:45,FE-1,"Physical Exercise (VELO), day 1",,,
18:10-19:45,CDR,MPLM transfers,,,
18:15-22:05,FE-2-18,SSRMS Operations in Support of EVA1,,,
18:15-18:45,FE-2,Crew Lock Depress,,,
18:45-19:00,BREAKFAST,,,,
18:45-20:15,FE-1,"Replacing E-K pre-treat container and E-K hose in АСУ system. Installpretreat container with hose# 805029 (b/c 00047151R,СМ1РО_4_АСУ_454_1). Discard removed pre-treat container.Report to MCC flush counter readings before and after filling thehose with pre-treat fluid.",,,
