0,1,2,3,4,5,6
GMT,CREW,ACTIVITY,,,,
06:00-06:10,"CDR, FE-2",Morning Inspection,,,,
06:00-06:10,FE-1,Morning Inspection. SM ПСС [Caution & Warning Panel] Test,,,,
06:10-06:40,,Post-sleep,,,,
06:40-07:30,,BREAKFAST,,,,
07:30-07:45,FE-1,БМП Ф2 Absorption Cartridge Regeneration (start),,,,
07:30-07:50,"CDR, FE-2",Work Prep,,,,
07:45-07:50,FE-1,Work Prep,,,,
07:50-08:05,,Daily Planning Conference (S-band),,,,
08:05-08:15,CDR,CWC Audit,,,,
08:05-08:15,"FE-1, FE-2",Work Prep,,,,
08:15-08:30,,ISS Crew and ГОГУ (RSA Flight Control Team Management) WeeklyConference (S-band),,,,
08:30-08:35,CDR,MPC Power Up,,,,
08:30-08:45,"FE-1, FE-2",IMS Tagup (S-band),,,,
08:35-08:45,CDR,CIR Alignment Guide Installation,,,,
08:45-09:45,FE-2,MATRYOSHKA-R. BUBBLE-Dosimeter Retrieval And Readout,,,,
08:45-08:50,CDR,EDR-ERB2- Power On,,,,
08:45-10:45,FE-1,Water Transfer to EDV from БВ2 Tank and Progress 413 Rodknik БВ2Bladder Compression,,,,
08:50-09:15,CDR,Acoustic dosimeters: static measurements,,,,
09:15-10:15,CDR,Physical Exercise (CEVIS),,,,
09:45-11:45,FE-2,"FGB ИДЭ-2 Smoke Detector (#1-#10) needle cleaning(ФГБ1ПГО_2_219_1, soft container (00051546R), Set of 10 cleaningdevices (00039083R or FGB414SB)). Report to MCC set No. and deviceqty in use",,,,
10:15-11:45,CDR,Physical Exercise (ARED),,,,
10:45-11:45,FE-1,"Physical Exercise (VELO), Day 1",,,,
11:45-13:15,FE-1,"CONSTANTA Setup, Photo/Video, Recomb-K Study 4",,,,
11:45-13:15,FE-2,"Physical Exercise (TVIS), Day 1",,,,
11:45-12:00,CDR,Questionnaire - CDR journal entry,,,,
12:00-12:10,CDR,Photo / TV WORF/ISSAC: Video Adjustments,,,,
12:10-13:00,CDR,"ISSAC: Troubleshooting, Part 2",,,,
13:05-13:15,CDR,Closing USOS Window Shutters,,,,
13:15-14:15,,LUNCH,,,,
14:15-17:15,FE-2,"FGB ИДЭ-2 Smoke Detector (#1-#10) needle cleaning(ФГБ1ПГО_2_219_1, soft container (00051546R),Set of 10 cleaningdevices (00039083R or FGB414SB)). Report to MCC set No. and deviceqty in use",,,,
14:15-14:20,FE-1,Comm config to support voice comm from MRM2 during the experiment,,,,
14:15-14:25,CDR,CIR Photo/TV Prep,,,,
14:20-15:20,FE-1,COULOMB CRYSTAL Experiment. Tagup with specialists (S-band),,,,
GMT,CREW,ACTIVITY,,,,
06:00-06:10,"CDR, FE-2",Morning Inspection,,,,
06:00-06:10,FE-1,Morning Inspection. SM ПСС [Caution & Warning Panel] Test,,,,
06:10-06:40,,Post-sleep,,,,
06:40-07:30,,BREAKFAST,,,,
07:30-07:50,FE-2,24-hour BP monitoring (terminate),,,,
07:30-07:55,CDR,Work Prep,,,,
07:30-07:45,FE-1,Work Prep,,,,
07:45-07:55,FE-1,BAR. Terminate Pyren-[B] Charge,,,,
07:55-08:10,,Daily Planning Conference (S-band),,,,
08:10-08:50,CDR,Crew moves food containers in preparation for Pro K,,,,
08:10-09:10,FE-1,Install and connect ATV Hand Controller in ISS SM. Tagup with specialists(S-band),,,,
08:10-10:40,FE-2,Replacement of lights and light panel fuses. Tagup with specialists (S-band),,,,
09:05-09:20,CDR,"Airlock Decrew Reconfig – move EMUs, PHAs, and MWS to clean upstowage post decrew prep activities",,,,
09:10-10:40,FE-1,Connecting Onboard Cables to PCE (МБРЛ) Box. Tagup with specialists (S-band),,,,
09:20-10:20,CDR,EMU Cooling Loop Maintenance - Initiate loop scrub on EMU 3010 and 3011,,,,
10:20-10:30,CDR,FIR Photo/Video Setup,,,,
10:30-10:45,CDR,FIR Door Opening,,,,
10:40-11:20,"FE-1, FE-2",Study of cardiac bioelectric activity at rest. Tagup with specialists (VHF) (То =10:52),,,,
10:45-10:50,CDR,LMM (Light Microscopy Module) Rotation,,,,
10:50-11:15,CDR,PACE Sample Changeout (no oil),,,,
11:15-11:25,CDR,LMM Rotation To Operational Position,,,,
11:20-12:50,FE-1,"Physical Exercise (TVIS), Day 1",,,,
11:25-11:40,CDR,FIR Rack Doors Close,,,,
11:40-12:40,CDR,Reconfiguration loop scrub on EMU 3010 and 3011,,,,
11:50-12:50,FE-2,"Physical Exercise (VELO), Day 1",,,,
12:40-12:45,CDR,Connecting DCP Power Cable,,,,
12:45-13:05,CDR,Setting up Ku-band TV downlink hardware,,,,
12:50-13:05,"FE-1, FE-2","ON MCC GO Mate PCE, ATV Hand Controller, БУАП T/L connectors toБИТС2-12",,,,
13:05-14:05,,LUNCH,,,,
14:05-14:35,FE-2,СОЖ Maintenance,,,,
14:15-14:45,"CDR, FE-1",Testing Ku-band TV downlink prior to Soyuz 703 docking to ISS.  Tagup withspecialists (S-band),,,,
14:45-16:45,"FE-1, FE-2",BAR Experiment Ops,,,,
14:45-15:45,CDR,Terminate loop scrub on EMU 3010 and 3011,,,,
15:45-16:00,CDR,Journal entry,,,,
16:10-16:20,CDR,Photo/TV: A31P Laptop Deactivation,,,,
GMT,CREW,ACTIVITY,,,,
06:00-06:10,"FE-1,FE-2",Morning Inspection,,,,
06:00-06:05,CDR,Reaction Self Test,,,,
06:05-06:10,CDR,Morning Inspection,,,,
06:10-06:40,.,Post-sleep,,,,
06:40-07:30,"CDR,FE-2",BREAKFAST,,,,
06:40-07:30,FE-1,BREAKFAST. SM ПСС [Caution & Warning Panel] Test (afterbreakfast),,,,
09:00-10:00,CDR,Physical Exercise (CEVIS),,,,
10:00-11:30,CDR,Physical Exercise (ARED),,,,
11:30-13:00,FE-2,Physical Exercise (ARED),,,,
12:00-13:00,FE-1,"Physical Exercise (TVIS), Day 2",,,,
12:25-13:00,CDR,Checkout of the video file playback downlink function of MSPR VRU,,,,
13:00-14:00,.,LUNCH,,,,
14:00-15:25,CDR,MSPR VRU Functions Checkout,,,,
14:00-14:40,FE-1,"СОЖ Maintenance. SM and FGB Flush Counter (СП), Water SupplySystem (SVO), POTOK Air Purification System Data Calldowns",,,,
17:15-18:45,FE-1,Physical Exercise (ARED),,,,
17:45-18:45,FE-2,"Physical Exercise (TVIS), Day 2",,,,
18:40-18:45,CDR,MSPR Components Deactivation,,,,
18:45-19:15,,Evening Work Prep,,,,
19:15-19:30,.,Daily Planning Conference (S-band)Report to MCC when SM (А101) 800А Unit #1 is ready for swap,,,,
19:30-19:45,CDR,Private Family Conference,,,,
19:45-21:25,CDR,Pre-sleep,,,,
19:30-21:30,"FE-1,FE-2",Pre-sleep,,,,
21:25-21:30,CDR,Reaction Self Test,,,,
21:30-06:00,.,SLEEP,,,,
Task List,"FE-1,FE-2",URAGAN. Observations and Photography,,,,
ECON. Observations and Photography,,,,,,
SEINER Ocean Observations,,,,,,
Preparation of reports for Roskosmos site,,,,,,
GMT,CREW,,ACTIVITY,,,
06:00-06:10,CDR,,Morning Inspection,,,
06:00-06:10,FE-2,,Morning Inspection,,,
06:00-06:10,FE-1,,Morning Inspection. SM ПСС [Caution & Warning Panel] TestInspection of СМ-У connector on МНР-НС pump behind АСУ panel139.,,,
06:10-06:40,.,,Post-sleep,,,
06:40-07:30,.,,BREAKFAST,,,
07:30-08:00,.,,Work Prep,,,
08:00-08:15,.,,Daily Planning Conference (S-band),,,
08:15-08:20,CDR,,JEMRMS Preparation,,,
08:15-11:15,"FE-1,FE-2",,SM Audio Subsystem [СТТС] Routine Maintenance.  Headset andCable Audit. Tagup with specialists (S-band),,,
08:20-08:30,CDR,,EDR Laptop and S-Video Reconnection,,,
08:30-08:40,CDR,,EHS Air Quality Monitoring (AQM) Start,,,
08:40-08:50,CDR,,TOCA Calibration,,,
08:50-09:20,CDR,,Build two new ЕДВs to support ARFTA and Waste & HygeineCompartment (WHC) operations,,,
09:20-09:50,CDR,,Crew time for ISS adaptation and orientation,,,
10:05-11:05,CDR,,Physical Exercise (CEVIS),,,
11:05-12:35,CDR,,Physical Exercise (ARED),,,
11:15-11:25,FE-1,,СТТС comm assets switchover to a backup string,,,
11:20-12:00,FE-2,,Auxiliary Laptop Anti-Virus Update,,,
11:25-12:55,FE-1,,"Physical Exercise (TVIS), Day 1",,,
12:00-13:00,FE-2,,"Physical Exercise (VELO), Day 1",,,
12:35-12:40,CDR,,TOCA Data Recording,,,
12:40-12:50,CDR,,WRS Water Sample Analysis,,,
12:50-13:00,CDR,,FIR Photo/Video Setup,,,
13:00-14:00,.,,LUNCH,,,
14:00-15:00,FE-1,,Crew time for ISS adaptation and orientation,,,
14:00-15:00,FE-2,,"СКПФ1, СКПФ2 Dust Filter Replacement and MRM1 ГЖТ Cleaning(ФГБ1ПГО_ 2_224_1 bag 410-22. Update IMS)",,,
14:00-14:20,CDR,,Water Recovery System (WRS) Waste Storage Tank Assembly (WSTA)Fill,,,
14:30-14:45,CDR,,FIR Door Opening,,,
14:45-14:50,CDR,,LMM (Light Microscopy Module) Rotation,,,
14:50-15:05,CDR,,PACE Sample Mixing,,,
15:00-15:50,,,,,,
,,,,(ФГБ1ПГО_ 2_219_1 bag 410-22. Update IMS),,
,,,,,,
15:00-15:40,FE-2,,СОЖ Maintenance,,,
15:05-16:15,CDR,,PACE LED - Sample Changeout,,,
15:40-16:00,FE-2,,IMS Update,,,
15:50-16:30,FE-1,,Cleaning ВД1 and ВД2 Air Ducts in MRM2,,,
GMT,CREW,ACTIVITY,,,,
06:00-06:10,"CDR, FE-1,FE-2",Morning Inspection,,,,
06:00-06:05,FE-5,Reaction Self Test,,,,
06:00-06:05,FE-4,PLAZMENNYI KRISTALL. Pressure Check,,,,
06:00-06:05,FE-6,Urine spot test,,,,
06:05-06:10,FE-5,Urine Spot Test,,,,
06:05-06:10,FE-4,Morning Inspection,,,,
06:05-06:10,FE-6,Reaction Self Test,,,,
06:10-06:40,,Post-sleep,,,,
06:40-07:30,"CDR, FE-2,FE-4, FE-5,FE-6",BREAKFAST,,,,
06:40-07:30,FE-1,BREAKFAST. SM ПСС [Caution & Warning Panel] Test (afterbreakfast),,,,
07:30-10:30,"CDR,FE-5",Weekly Housekeeping,,,,
07:30-08:30,FE-6,Weekly Housekeeping,,,,
07:30-07:45,FE-2,БМП Ф2 Absorption Cartridge Regeneration (start),,,,
07:30-10:00,FE-1,"Weekly HousekeepingSM Ventilation Subsystem Preventive Maintenance, Group EFGB ЦВ2 Fan Cleaning",,,,
07:30-10:30,FE-4,,,,,
07:45-10:45,FE-2,,,,,
08:30-10:00,FE-6,Physical Exercise (ARED),,,,
GMT,CREW,ACTIVITY,,,,
06:00-06:10,.,Morning Inspection,,,,
06:10-06:40,.,Post-sleep,,,,
06:40-07:30,"CDR,FE-1,FE-4,FE-5,FE-6",BREAKFAST,,,,
06:40-07:30,FE-2,BREAKFAST. SM ПСС [Caution & Warning Panel] Test (afterbreakfast),,,,
07:30-10:30,"CDR,FE-5,FE-6",Weekly Housekeeping,,,,
07:30-10:30,"FE-1,FE-2,FE-4","Weekly HousekeepingSM Ventilation Subsystem Preventive Maintenance, Group EFGB ЦВ2 Fan Cleaning БМП (Micropurification Unit) Fan GrilleCleaning",,,,
10:30-10:35,CDR,CGBA Status Check,,,,
10:35-11:35,CDR,Physical Exercise (CEVIS),,,,
11:00-12:30,FE-1,"Physical Exercise (TVIS), Day 1",,,,
11:35-13:05,CDR,Physical Exercise (ARED),,,,
12:00-12:15,FE-4,"Private Family Conference (Ku+S-band, S/G2, S/G1- backup)",,,,
12:30-13:30,FE-2,"Physical Exercise (VELO), Day 1",,,,
13:30-13:40,FE-5,ROALD2 Removal Part 2,,,,
13:40-13:50,FE-5,Insertion of ROALD2 Samples into MELFI at -80 deg C,,,,
13:50-14:05,FE-5,Private Family Conference,,,,
13:50-14:50,"CDR,FE-1,FE-2,FE-4,FE-6",LUNCH,,,,
14:05-15:05,FE-5,LUNCH,,,,
14:50-15:30,FE-1,"СОЖ Maintenance. SM and FGB Flush Counter (СП), Water SupplySystem (SVO), POTOK Air Purification System Data Calldowns",,,,
15:50-16:05,CDR,Private Family Conference,,,,
16:00-16:15,FE-6,Pro K Urine PH Kit Locate,,,,
16:00-16:05,FE-5,Pro K Urine PH Kit Unstow,,,,
16:30-18:00,FE-2,"Physical Exercise (TVIS), Day 1",,,,
16:35-16:45,CDR,FMK Stow,,,,
17:30-17:45,FE-5,Private Medical Conference,,,,
17:45-18:00,FE-6,Private Medical Conference,,,,
18:00-19:00,FE-1,"Physical Exercise (VELO), Day 1",,,,
18:30-18:35,FE-5,Space Headaches - Daily Questionnaire,,,,
18:35-18:50,FE-6,Private Family Conference,,,,
19:30-21:30,.,Pre-sleep,,,,
21:30-06:00,.,SLEEP,,,,
Task List,"FE-1,FE-2",Preparation of reports for Roskosmos site,,,,
GMT,,CREW,,ACTIVITY,,
06:00-06:10,,,,Morning Inspection,,
06:10-06:40,,,,Post-sleep,,
06:40-07:30,,"CDR,FE-2",,BREAKFAST,,
06:40-07:30,,FE-1,,BREAKFAST SM ПСС [Caution & Warning Panel] Test (after breakfast),,
09:00-10:00,,CDR,,Physical Exercise (CEVIS),,
09:30-09:35,,FE-2,,Hardware Setup for TV Downlink,,
09:35-09:45,,"FE-1,FE-2",,Crew prep for TV conference,,
09:45-10:15,,"FE-1,FE-2",,ISS RS Crew Participation in RF State Duma Elections. (Ku+S-band),,
10:00-11:30,,CDR,,Physical Exercise (ARED),,
10:40-10:55,,FE-1,,Private Family Conference (Ku+S-band),,
11:30-13:00,,FE-2,,Physical Exercise (ARED),,
11:45-12:45,,FE-1,,Physical Exercise Т 2,,
12:35-13:00,,CDR,,On-orbit Hearing Assessment using EARQ,,
13:00-14:00,,,,LUNCH,,
14:00-15:00,,"FE-1,FE-2",,TVIS Frame Inspection,,
14:50-15:50,,CDR,,Educational Payload Procedure Review,,
15:00-15:45,,FE-2,,TVIS Speed Characterization,,
15:50-16:30,,FE-1,,"СОЖ Maintenance. Flush Counter (СП), Water Supply System (СВО),POTOK Air Purification System Data Calldowns",,
15:50-16:05,,CDR,,EPO Camcorder Setup,,
16:05-16:45,,CDR,,EPO Sports Game Demonstration,,
16:30-18:00,,FE-1,,Physical Exercise (ARED),,
16:45-16:55,,CDR,,Education Payload Operations Hardware Stow,,
16:55-17:00,,CDR,,MPC Payload Video Replay Start in Private Mode,,
17:00-18:00,,FE-2,,Physical Exercise Т 2,,
18:15-19:15,,"FE-1,FE-2",,Evening Work Prep,,
18:45-19:10,,CDR,,Evening Work Prep,,
19:10-19:15,,CDR,,MPC Payload Video Replay Terminate in Private Mode,,
19:15-19:30,,,,Daily Planning Conference (S-band),,
19:30-19:35,,CDR,,Photo/Video Replay Start,,
19:30-21:30,,"FE-1,FE-2",,Pre-sleep,,
19:35-21:25,,CDR,,Pre-sleep,,
21:25-21:30,,CDR,,Photo/Video Replay Terminate,,
21:30-06:00,,,,SLEEP,,
Task List,,"FE-1,FE-2",,ECON. Observations and Photography,,
,,SEINER World Ocean Observations,,,,
,,URAGAN. Observations and Photography,,,,
,,Preparation of Reports for Roscosos Site,,,,
GMT,CREW,ACTIVITY,,,,
06:00-06:10,FE-1,Morning Inspection. SM ПСС [Caution & Warning Panel] Test,,,,
06:00-06:10,FE-2,Morning Inspection. Inspection of СМ-У connector on МНР-НС pumpbehind АСУ panel,,,,
06:00-06:10,CDR,Morning Inspection,,,,
06:10-06:40,.,Post-sleep,,,,
06:40-07:30,.,BREAKFAST,,,,
07:30-07:55,CDR,Work Prep,,,,
07:30-08:00,"FE-1,FE-2",Work Prep,,,,
07:55-08:05,CDR,WRS Water Sample Analysis,,,,
08:05-08:20,.,Daily Planning Conference (S-band),,,,
08:20-08:50,FE-1,24-hour ECG Holter Monitoring (start),,,,
08:20-08:30,CDR,Fluids and Combustion Facility (FCF) Wipe Refill,,,,
08:20-09:00,FE-2,Auxiliary Laptop Anti-Virus Update,,,,
08:35-08:40,CDR,ISS HAM  Radio Setup in Service Module,,,,
08:40-08:55,CDR,ISS HAM Radio Session from SM,,,,
08:50-09:00,FE-1,СТТС comm system switchover to the primary string,,,,
08:55-09:15,CDR,Treadmill Kinematics Exercise Preparation,,,,
09:00-10:00,FE-1,"Search for equipment to set up and test PCE (БУАП [Antenna SwitchBox], ATV Control Panel). Tagup with specialists as necessary (S-band)",,,,
09:00-09:30,FE-2,Preparation for replacement of lights and light panel fuses. Tagup withspecialists as necessary (S-band),,,,
09:15-10:15,CDR,Physical Exercise T 2,,,,
09:30-11:30,FE-2,Replacement of lights and light panel fuses. Tagup with specialists (S-band),,,,
10:00-11:00,FE-1,Preparing SM panels 225 and 226 for installation of PCE and БУАПboxes. Tagup with specialists (S-band),,,,
10:15-10:25,CDR,Treadmill exercise video recording termination and hardware stow,,,,
10:25-10:35,CDR,TOCA 2 Data Recording,,,,
10:35-10:45,CDR,FIR Photo/Video Setup,,,,
10:45-11:00,CDR,FIR Door Opening,,,,
11:00-11:05,CDR,LMM (Light Microscopy Module) Rotation,,,,
11:00-11:30,FE-1,Preparation for EPS controller power channel B real time testing. Tagupwith specialists as necessary (S-band),,,,
11:05-11:55,CDR,PACE Sample Changeout,,,,
11:30-13:00,FE-1,"Physical Exercise (TVIS), Day 3",,,,
11:45-12:00,FE-2,URISYS Hardware Setup,,,,
11:55-12:05,CDR,LMM Rotation To Operational Position,,,,
12:00-13:00,FE-2,"Physical Exercise (VELO), Day 3",,,,
12:05-12:20,CDR,FIR Rack Doors Close,,,,
12:20-12:30,CDR,MARES Ultrabay hard disk insertion and EPM laptop activation,,,,
12:30-12:50,CDR,Gather Exercise Equipment,,,,
12:50-12:55,CDR,MPC Playback Start,,,,
GMT,CREW,ACTIVITY,,,,
06:00-06:10,CDR,Morning Inspection,,,,
06:00-06:10,FE-1,Morning Inspection. SM ПСС [Caution & Warning Panel] Test,,,,
06:00-06:10,FE-2,SONOCARD Experiment Termination,,,,
06:10-06:40,"FE-1, CDR",Post-sleep,,,,
06:10-06:20,FE-2,Morning Inspection,,,,
06:20-06:50,FE-2,Post-sleep,,,,
06:40-07:30,"FE-1, CDR",BREAKFAST,,,,
06:50-07:40,FE-2,BREAKFAST,,,,
07:30-07:40,"FE-1, CDR",Work Prep,,,,
07:40-07:55,,Daily Planning Conference (S-band),,,,
07:55-08:15,FE-1,Work Prep,,,,
07:55-08:10,CDR,Work Prep,,,,
07:55-08:00,FE-2,Work Prep,,,,
08:00-08:15,FE-2,SONOCARD Copy Data to RSE-MED Laptop,,,,
08:10-08:30,CDR,Robonaut Procedure Review,,,,
08:15-08:55,FE-2,Replacement of Laptop RS3 with a new Laptop T61p with 8.05 SW Version.Tagup with specialists (S-band),,,,
08:15-10:15,FE-1,Progress 413 Transfers and IMS Updates,,,,
08:30-09:30,CDR,Physical Exercise (CEVIS),,,,
08:55-09:10,FE-2,Work Prep,,,,
09:10-09:15,FE-2,Activation of Laptop RS1,,,,
09:15-09:25,FE-2,Laptop RS1 Test. Tagup with specialists (S-band),,,,
09:30-09:45,CDR,ARED Flywheel Cylinder Evacuation,,,,
09:40-10:10,FE-2,КЦП1 Upload with a New SW Version 8.05. Tagup with specialists (S-band),,,,
09:45-11:15,CDR,Physical Exercise (ARED),,,,
10:10-10:15,FE-2,Deactivation of Laptop RS2,,,,
10:15-10:25,FE-2,RS1 Laptop-КЦП1-ЦВМ-ТВМ Command & Data Transmission Test. Tagupwith specialists (S-band),,,,
10:20-10:25,FE-1,Comm config to support voice comm from MRM2 during the experiment,,,,
10:25-11:25,FE-1,COULOMB CRYSTAL Experiment. Tagup with specialists (S-band),,,,
10:30-11:30,FE-2,"Physical Exercise (VELO), Day 3",,,,
11:15-11:25,CDR,Camcorder Activation for Robonaut Video in Node 2,,,,
11:25-11:40,CDR,Crew moves PPFS to deconflict with ROBONAUT operations,,,,
11:25-11:30,FE-1,MRM2 comm reconfig to initial,,,,
11:30-13:00,FE-2,URAGAN. Observations and photography using FSS PL. Tagup withspecialists (S-band),,,,
11:30-13:00,FE-1,Physical Fitness Evaluation (on treadmill),,,,
11:40-13:00,CDR,Robonaut Hardware Assembly,,,,
13:00-14:00,,LUNCH,,,,
14:00-14:10,FE-1,"On MCC Go Russian ODF БВС Replacement with Rev. 4 (00045119R,",,,,
GMT,CREW,ACTIVITY,,,,
09:30-09:40,.,Morning Inspection,,,,
09:40-10:10,"FE-1,FE-2,FE-4,FE-5,FE-6",Post-sleep,,,,
09:40-10:15,CDR,Post-sleep,,,,
10:10-10:15,FE-5,Video Camera Assembly (VCA1) Adjustment,,,,
10:10-11:00,"FE-1,FE-4,FE-6",BREAKFAST,,,,
10:10-11:00,FE-2,BREAKFAST. SM ПСС [Caution & Warning Panel] Test (afterbreakfast),,,,
10:15-10:30,"CDR,FE-5",ROALD2 experiment setup in KUBIK 3,,,,
10:30-11:15,"CDR,FE-5",BREAKFAST,,,,
11:30-12:30,FE-1,"Physical Exercise (TVIS), Day 4",,,,
12:00-13:30,FE-2,Physical Exercise (ARED),,,,
12:00-12:15,FE-5,Private Medical Conference,,,,
12:15-13:15,CDR,Physical Exercise T 2,,,,
12:35-13:05,FE-1,"BACKUP: PCE Test 1. PCE, PCE Antenna Feeder, ATV HandController Checkout",,,,
13:05-13:20,FE-1,Private Family Conference (Ku+S-band),,,,
13:35-14:05,.,Weekly Planning Conference (S-band),,,,
14:05-15:05,.,LUNCH,,,,
15:05-15:15,CDR,Food Frequency Questionnaire,,,,
15:05-15:45,FE-2,СОЖ Maintenance,,,,
15:15-15:20,CDR,Compound Specific Analyzer- Combustion Products (CSA-CP) CSA-O2Readings,,,,
15:45-15:50,FE-1,Hardware setup for HAM radio session,,,,
15:50-16:05,FE-1,HAM radio session with Kiev Airspace School students at Kiev NationalAviation University,,,,
16:30-18:00,FE-1,Physical Exercise (ARED),,,,
16:40-16:50,"CDR,FE-5",ROALD2 Removal 1,,,,
16:50-17:00,"CDR,FE-5",Insertion of ROALD2 Samples into MELFI at -80 deg C,,,,
18:00-18:15,FE-4,Private Medical Conference (Ku+S-band),,,,
18:00-19:30,CDR,Physical Exercise (ARED),,,,
18:30-18:45,FE-6,Private Medical Conference,,,,
18:30-19:30,FE-2,"Physical Exercise (TVIS), Day 4",,,,
19:25-19:30,FE-5,SHD Questionnaire,,,,
19:30-21:30,.,Pre-sleep,,,,
21:30-05:25,CDR,SLEEP,,,,
21:30-06:00,"FE-1,FE-2,FE-4,FE-5,FE-6",SLEEP,,,,
Task List,Все,TV Message to Santa Claus,,,,
"FE-1,FE-2,FE-",Preparation of reports for Roskosmos site,,,,,
GMT,,CREW,,ACTIVITY,,
09:30-09:40,,FE-1,,Morning Inspection. SM ПСС [Caution & Warning Panel] Test,,
09:30-09:40,,"FE-2, CDR",,Morning Inspection,,
,,,,,,
,09:30-16:45,,FE-5,,Soyuz 703 ODF Ops. Start Drying Orlan Suits (two),
,,,,,,
09:40-10:10,,"FE-2, CDR,FE-1",,Post-sleep,,
10:10-11:00,,"CDR, FE-2,FE-1",,BREAKFAST,,
11:00-11:15,,"FE-1, FE-2,CDR",,Daily Planning Conference (S-band),,
11:15-11:25,,CDR,,CWC Audit,,
11:15-11:30,,FE-1,,Work Prep,,
11:15-11:40,,FE-2,,Work Prep,,
11:30-11:40,,CDR,,USOS Window Shutter Close,,
11:30-11:40,,FE-1,,Monitoring TV signal on SSC1 Laptop during MPEG Streaming Test,,
11:40-11:55,,"CDR, FE-2,FE-1",,ISS Crew and ГОГУ (RSA Flight Control Team Management) WeeklyConference (S-band),,
11:55-12:05,,CDR,,Ham Radio Hardware Deactivation,,
11:55-12:10,,"FE-2, FE-1",,IMS Tagup (S-band),,
12:05-12:50,,CDR,,CIR Stowage.,,
12:30-13:30,,FE-1,,"Physical Exercise (VELO), Day 3",,
12:35-14:05,,FE-2,,Physical Exercise (ARED),,
12:55-13:00,,CDR,,Activation of A31P Laptop,,
13:00-14:00,,CDR,,Physical Exercise (CEVIS),,
13:30-15:30,,FE-1,,Monitoring Soyuz 703 Rendezvous with ISS (MRM1),,
14:00-15:35,,CDR,,US Equipment Transfers from 45P,,
14:05-14:20,,FE-2,,Comm Config prior to Soyuz 703 docking to MRM1 Port,,
14:20-14:30,,FE-2,,Activation of Soyuz 703 TV Monitoring Assets,,
14:30-15:10,,FE-2,,СОЖ Maintenance,,
15:30-17:00,,FE-1,,"CONSTANTA.  Setup, Photo/Video, Recomb-K #2 Session 6",,
15:30-15:40,,FE-2,,Comm reconfig for nominal ops,,
15:40-15:50,,FE-2,,Deactivation of SM TVS after docking,,
15:50-15:55,,FE-2,,On MCC Go Switch MRM1-Soyuz PEV to ЭЛЕКТ УПР (ELECTR CONTR)Position,,
16:05-16:15,,CDR,,Formaldehyde Monitoring Kit (FMK) Deployment Operations,,
16:15-16:25,,CDR,,Water Recovery System (WRS) Urine Processor Assembly (UPA) RecycleTank Cap Install,,
16:25-16:35,,CDR,,EHS Air Quality Monitoring (AQM) Start,,
16:30-17:30,,FE-2,,LUNCH,,
16:45-18:00,,FE-4,,On MCC GO Soyuz TMA703-MRM1 Interface Leak Check,,
16:45-16:50,,CDR,,ROALD2 Procedure Printout,,
GMT,CREW,ACTIVITY,,,,
06:00-06:20,FE-1,SONOCARD Experiment Termination and Data Upload to RSE-MED Laptop,,,,
06:00-06:10,FE-2,Morning Inspection. SM ПСС [Caution & Warning Panel] Test,,,,
06:00-06:05,CDR,Reaction Self Test,,,,
06:05-06:10,CDR,Morning Inspection,,,,
06:10-06:40,FE-2,Post-sleep,,,,
06:20-06:40,FE-1,Post-sleep,,,,
06:40-07:30,,BREAKFAST,,,,
07:30-07:45,,Daily Planning Conference (S-band),,,,
07:45-08:15,"CDR, FE-2",Work Prep,,,,
07:45-07:55,FE-1,BAR Start Charging Pyren-B,,,,
07:55-08:15,FE-1,Work Prep,,,,
08:15-08:20,CDR,KUBIK-3 Experiment Setup,,,,
08:20-08:35,CDR,Activate KUBIK-3 for checkout,,,,
08:20-08:50,"FE-1, FE-2","Review ""Opening Transfer Hatches"" and ""Arrival of Expedition 30"" PAOprocedure. Tagup with specialists (S-band)",,,,
08:40-09:40,CDR,Physical Exercise T2,,,,
08:50-09:30,FE-2,"EDV-KOV filling (separation) for Electron from CWC #1030 (22 L), 1051(44L)",,,,
08:50-09:50,FE-1,"Continuity check of БСК-7, 5 circuitry comprising EPS (СЭП) power buscontroller, channel B. Tagup with specialists (S-band)",,,,
09:30-10:10,FE-2,СОЖ Maintenance,,,,
09:40-11:10,CDR,Physical Exercise (ARED),,,,
10:10-10:20,FE-1,"Replacing ИК0501 CO2 Filter Unit (БФ). Install #127 (00054192R,СМ1РО_4_449_1, Bag 354-1 (00038525R)). Discard the item youremoved. Update IMS",,,,
10:15-12:05,FE-2,"RUSALKA Setup, Photo/Video, And Closeout Ops. Tagup with specialists (S-band) (as necessary)",,,,
10:20-10:35,FE-1,Verify ИП-1 sensor positions,,,,
10:35-10:50,FE-1,КОБ2 4ГБ4 Half-Coupling Shell Coolant Leak Check,,,,
10:50-11:00,FE-1,URAGAN. FSS PL Battery Charge (start),,,,
11:10-11:40,CDR,Locate ESEM1 module stowage,,,,
11:20-11:50,FE-1,"PCE Test 1. PCE, PCE ANTENNA FEEDER, ATV Hand Controller Checkout.Tagup with specialists (S-band)",,,,
11:40-12:30,CDR,Compound Specific Analyzer-Combustion (CSA-CP) Battery Checkout,,,,
11:50-13:20,FE-1,Physical Exercise (ARED),,,,
12:05-13:05,FE-2,"Physical Exercise (TVIS), Day 2",,,,
12:30-13:10,CDR,Advanced Recycle Filter Tank Assembly (ARFTA) Reconfiguration For UrineProcessing,,,,
13:10-13:15,CDR,KUBIK Pre-heating for Sphinx Experiment,,,,
13:15-13:30,CDR,IMS and Stowage Conference,,,,
13:20-14:20,"FE-1, FE-2",LUNCH,,,,
GMT,,CREW,,ACTIVITY,,
06:00-06:10,,"CDR, FE-2",,Morning Inspection,,
06:00-06:10,,FE-1,,Morning Inspection. SM ПСС [Caution & Warning Panel] Test,,
06:10-06:40,,,,Post-sleep,,
06:40-07:30,,,,BREAKFAST,,
07:30-07:50,,"CDR, FE-1",,Work Prep,,
07:30-07:40,,FE-2,,Verification of anti-virus scan results on Auxiliary Computer System (ВКС)laptops,,
07:40-07:50,,FE-2,,Work Prep,,
07:50-08:05,,,,Daily Planning Conference (S-band).Report to MCC Anti-virus scan results on Auxiliary Computer System (ВКС)laptops,,
08:05-08:40,,FE-1,,Crew time for ISS adaptation and orientation,,
08:05-08:15,,CDR,,CIR Alignment Guide Installation,,
08:05-08:20,,FE-2,,Work Prep,,
08:15-08:35,,CDR,,Work Prep,,
08:20-08:40,,FE-2,,Crew time for ISS adaptation and orientation,,
08:40-09:50,,,,Increment Depress OBT Drill,,
09:50-11:05,,FE-2,,Study of veins in lower extremities,,
09:50-10:00,,FE-1,,Comm reconfig for nominal ops after Increment Depress OBT Drill,,
09:50-10:50,,CDR,,Crew time for ISS adaptation and orientation,,
10:00-11:10,,FE-1,,Progress 413 Transfers and IMS Updates,,
10:50-11:10,,CDR,,ТЕРС Relocation,,
11:10-11:25,,,,Conference for Emergency Response to Rapid Depress On-board ISS (S-band),,
11:25-12:55,,FE-1,,Physical Exercise (ARED),,
11:25-11:55,,FE-2,,Crew time for ISS adaptation and orientation,,
11:25-11:40,,CDR,,DSC/CLLD Memory Card Replacement,,
11:45-12:00,,CDR,,MSG Video Touch Pad Checkout,,
11:55-12:55,,FE-2,,"Physical Exercise (TVIS), Day 2",,
12:00-12:55,,CDR,,Actiwatch and Holter 2 Data Download,,
12:55-13:55,,,,LUNCH,,
13:55-14:15,,,,Weekly Crew Conference with the ISS Program Management (S-band),,
14:15-14:35,,CDR,,Water Recovery System (WRS) Tank Swap,,
14:15-15:05,,FE-1,,Progress 413 Transfers and IMS Updates,,
14:20-14:35,,FE-2,,Private Medical Conference (Ku + S-band),,
14:35-14:50,,CDR,,Water Recovery System (WRS): Drain,,
14:35-15:15,,FE-2,,"EDV-KOV filling (separation) for Electron from CWC #1021 (30 L)(00060369J, NOD2D2)",,
14:50-15:10,,CDR,,AMINE- Jumper Connect,,
15:05-15:35,,FE-1,,Vacuum Pressure Gauge Accuracy Check,,
15:15-15:55,,FE-2,,СОЖ Maintenance,,
GMT,,CREW,,ACTIVITY,,
06:00-06:10,,"CDR, FE-2",,Morning Inspection,,
06:00-06:10,,FE-1,,Morning Inspection. SM ПСС [Caution & Warning Panel] Test,,
06:10-06:15,,FE-1,,Biochemical Urine Test,,
06:10-06:40,,CDR,,Post-sleep,,
06:15-06:40,,FE-1,,Post-sleep,,
06:15-06:20,,FE-2,,Biochemical Urine Test,,
06:20-06:25,,FE-2,,URISIS Hardware Stowage,,
06:25-06:45,,FE-2,,Post-sleep,,
06:40-07:30,,"CDR, FE-1",,BREAKFAST,,
06:45-07:30,,FE-2,,BREAKFAST,,
07:30-07:40,,FE-2,,Work Prep,,
07:30-07:50,,"CDR, FE-1",,Work Prep,,
07:40-07:50,,FE-2,,Verification of anti-virus scan results on Auxiliary Computer System (ВКС)laptops,,
07:50-08:05,,,,Daily Planning Conference (S-band)Report to MCC Anti-virus scan results on Auxiliary Computer System (ВКС)Laptops,,
08:05-08:15,,,,Work Prep,,
08:15-08:20,,CDR,,CUCU Deactivation,,
08:25-08:30,,CDR,,HMS Defibrillator Inspection,,
08:15-08:35,,FE-1,,24-hour BP Monitoring - terminate,,
08:15-08:55,,FE-2,,СОЖ Maintenance,,
08:35-09:35,,FE-1,,Routing МБРЛ [РСЕ] and БУАП [Antenna Switching Controller] Cables in SM.Tagup with specialists (S-band + VHF),,
08:35-09:05,,CDR,,CIR Payload Review,,
08:55-09:25,,FE-2,,24-hour BP Monitoring (start),,
09:05-10:35,,CDR,,Physical Exercise (ARED),,
09:25-10:25,,FE-2,,Troubleshooting loss of SSC-2 Ethernet connectivity with BRI. Tagup withspecialists (S-band),,
09:35-11:05,,FE-1,,Installation of РСЕ Z0000 Space-To-Space Radio in ISS SM. Tagup withspecialists (S-band +VHF),,
10:25-11:55,,FE-2,,Cleaning ГЖТ4 (Gas-Liquid Heat Exchanger) ВТ-7 Fan Screen,,
10:35-11:25,,CDR,,CIR Stow Gather,,
11:05-12:35,,FE-1,,Installation and activation of БУАП [Antenna Switching Controller]. Tagup withspecialists (S-band +VHF),,
11:25-11:40,,CDR,,CIR - Maintenance Work Area Prep,,
11:40-11:50,,CDR,,CIR Photo/TV Prep,,
11:50-12:00,,CDR,,CIR Front End Cap Open,,
12:00-12:15,,CDR,,CIR Front End Cap Open,,
12:00-13:30,,FE-2,,Physical Exercise (ARED),,
12:15-12:50,,CDR,,MDCA CIA Removal,,
GMT,CREW,ACTIVITY,,,,
06:00-06:10,"CDR, FE-1,FE-6",Morning Inspection,,,,
06:00-06:05,FE-5,Urine Spot Test,,,,
06:05-06:10,FE-5,Morning Inspection,,,,
06:00-06:10,FE-2,Morning Inspection. SM ПСС [Caution & Warning Panel] Test,,,,
06:00-06:10,FE-4,SONOCARD Experiment Termination,,,,
06:10-06:40,"CDR, FE-1,FE-2, FE-6",Post-sleep,,,,
06:10-06:20,"FE-4, FE-5",Morning Inspection,,,,
06:20-06:30,"FE-4, FE-5",HEMATOCRIT Test,,,,
06:30-06:35,FE-4,HEMATOCRIT Hardware Stow,,,,
06:30-07:05,FE-5,Post-sleep,,,,
06:35-07:05,FE-4,Post-sleep,,,,
06:40-07:30,"CDR, FE-1,FE-2, FE-6",BREAKFAST,,,,
07:05-07:45,FE-5,BREAKFAST,,,,
07:05-07:55,FE-4,BREAKFAST,,,,
07:30-07:50,"CDR, FE-1,FE-2, FE-6",Work Prep,,,,
07:45-08:05,FE-5,Work Prep,,,,
07:55-08:10,FE-4,SONOCARD Copy Data to RSE-MED Laptop,,,,
08:00-08:10,FE-6,ICV-MAKITA Battery Installation,,,,
08:05-08:10,FE-5,HRF1 Rack COM Port Configuration,,,,
08:10-08:30,"CDR, FE-2,FE-4, FE-5,FE-6",Daily Planning Conference (S-band),,,,
08:10-10:10,FE-1,TYPOLOGY Experiment Ops,,,,
08:30-09:00,FE-5,Ultrasound 2 Hardware Setup,,,,
08:30-08:45,FE-2,TYPOLOGY Experiment Assistance,,,,
08:30-10:00,CDR,Physical Exercise (ARED),,,,
08:30-09:00,FE-6,ICV Data Verification,,,,
08:30-08:35,FE-4,Comm config prior to Plazmenniy Kristall-3 experiment,,,,
08:35-09:45,FE-4,PLAZMENNYI KRISTALL. Plasma Chamber Evacuation,,,,
08:45-10:00,FE-2,PNEUMOCARD  Experiment,,,,
09:00-09:25,FE-5,Cardiovascular Ultrasound Pre-Scan,,,,
09:00-09:10,FE-6,ICV Overview,,,,
09:10-09:45,FE-6,Crew time for ISS adaptation and orientation,,,,
09:45-10:20,FE-4,PLAZMENNYI KRISTALL. Software Installation. Tagup with specialists(VHF),,,,
09:45-09:50,FE-6,ICV-MAKITA Battery Replacement,,,,
GMT,,CREW,,ACTIVITY,,
06:00-06:05,,CDR,,Reaction Self Test,,
06:00-06:10,,"FE-1, FE-2",,Morning Inspection,,
06:05-06:10,,CDR,,Morning Inspection,,
06:10-06:40,,,,Post-sleep,,
06:40-07:30,,FE-1,,BREAKFAST SM ПСС [Caution & Warning Panel] Test (after breakfast),,
06:40-07:30,,"FE-2, CDR",,BREAKFAST,,
07:30-10:30,,CDR,,Weekly Housekeeping,,
07:30-10:30,,FE-2,,Weekly HousekeepingSM Ventilation System Group E MaintenanceFGB ЦВ2 Fan Cleaning,,
08:00-10:30,,FE-1,,,,
10:30-10:45,,FE-2,,Private Family Conference (S + Ku-band),,
10:30-10:35,,CDR,,CGBA Status Check,,
10:30-12:00,,FE-1,,"Physical Exercise (TVIS), Day 3",,
10:35-11:35,,CDR,,Physical Exercise T 2,,
11:30-12:30,,FE-2,,"Physical Exercise (VELO), Day 3",,
11:35-13:05,,CDR,,Physical Exercise (ARED),,
12:00-12:30,,FE-1,,Weekly HousekeepingCleaning FGB Potok Air Purification System,,
13:10-13:40,,,,Weekly Planning Conference (S-band),,
13:40-14:40,,,,LUNCH,,
14:40-14:50,,CDR,,Food Frequency Questionnaire,,
14:40-15:20,,FE-2,,СОЖ Maintenance,,
14:50-15:05,,CDR,,CFE Vane Gap Procedure Review,,
14:55-15:10,,FE-1,,Private Psychological Conference (VHF),,
15:05-15:20,,CDR,,Payload Maintenance Work Area Prep,,
15:20-16:35,,CDR,,Capillary Flow Experiments Hardware Setup,,
16:30-16:45,,FE-2,,Private Psychological Conference (VHF),,
16:35-16:50,,CDR,,Private Family Conference,,
16:50-18:50,,CDR,,Capillary Flow Experiments Vane Gap 2 Test Operations,,
17:00-18:30,,FE-2,,"Physical Exercise (TVIS), Day 3",,
18:00-19:00,,FE-1,,"Physical Exercise (VELO), Day 3",,
18:50-19:20,,CDR,,Capillary Flow Experiments Hardware Teardown,,
19:25-21:25,,CDR,,Pre-sleep,,
19:30-21:30,,"FE-1, FE-2",,Pre-sleep,,
21:25-21:30,,CDR,,Reaction Self Test,,
21:30-06:00,,,,SLEEP,,
Task List,,"FE-1, FE-2",,Preparation of reports for Roskosmos site,,
,,URAGAN. Observations and Photography,,,,
,,ECON. Observations and Photography,,,,
,,SEINER Observation and photography,,,,
GMT,,CREW,,ACTIVITY,,
06:00-06:15,,CDR,,Morning Inspection,,
06:00-06:10,,FE-1,,Morning Inspection. SM ПСС [Caution & Warning Panel] Test,,
06:00-06:10,,FE-2,,Morning Inspection,,
06:10-06:40,,"FE-1, FE-2",,Post-sleep,,
06:15-06:45,,CDR,,Post-sleep,,
06:40-07:30,,"FE-1, FE-2",,BREAKFAST,,
06:45-07:35,,CDR,,BREAKFAST,,
07:30-07:55,,"FE-1, FE-2",,Work Prep,,
07:35-07:55,,CDR,,Acoustic Dosimeters - Equipment Setup (operation 1 of 5),,
07:55-08:10,,,,Daily Planning Conference (S-band),,
08:10-08:20,,CDR,,Work Prep,,
08:10-08:25,,FE-1,,КОБ2 4ГБ4 Half-Coupling Shell Coolant Leak Check,,
08:10-10:30,,FE-2,,TYPOLOGY Experiment. Tagup with specialists (S-band),,
08:20-08:35,,CDR,,Colloid Flash Disk Exchange,,
08:25-08:40,,FE-1,,"Photograph air duct fastening on SM panel 101, and also fasteninglocations of ВН1 and ВН2 fans on SM panels 219 and 305. Transferphotos to OCA",,
08:35-08:45,,CDR,,FIR Photo/Video Setup,,
08:40-08:55,,FE-1,,TYPOLOGY Experiment Assistance,,
08:45-09:00,,CDR,,FIR Door Opening,,
08:55-09:05,,FE-1,,TYPOLOGY Photography,,
09:00-09:05,,CDR,,LMM (Light Microscopy Module) Rotation,,
09:05-10:15,,CDR,,PACE LED - Sample Changeout,,
09:05-10:20,,FE-1,,Study of veins in lower extremities,,
10:15-10:25,,CDR,,LMM Rotation To Operational Position,,
10:20-10:25,,FE-1,,Comm config to support voice comm from MRM2 during the experiment,,
10:25-10:40,,CDR,,FIR Rack Doors Close,,
10:25-11:25,,FE-1,,COULOMB CRYSTAL Experiment. Tagup with specialists (S-band),,
10:30-11:30,,FE-2,,"Physical Exercise (VELO), Day 3",,
10:40-11:40,,CDR,,Physical Exercise (CEVIS),,
11:25-11:30,,FE-1,,MRM2 Comm reconfig to initial,,
11:30-12:00,,FE-2,,Clean FGB ЦВ1 Fan Guard Screen,,
11:30-13:00,,FE-1,,"Physical Exercise (TVIS), Day 3",,
11:40-13:10,,CDR,,Physical Exercise (ARED),,
12:00-13:00,,FE-2,,"Cleaning ventilation screens on FGB interior panels (panels 201, 301, 401)",,
13:00-14:00,,"FE-1, FE-2",,LUNCH,,
13:10-14:10,,CDR,,LUNCH,,
14:00-14:50,,FE-2,,"Replacement of ПФ1, ПФ2 Dust Filters and Cleaning В1, В2 Fan Grills in DC1(ФГБ1ПГО_2_219_1, bag 410-22 or (00054251R)). Update IMS",,
14:00-15:30,,FE-1,,Changeout of СРВК-2М Water conditioning unit purification columns (БК БКВ),,
GMT,,CREW,ACTIVITY,,,
06:00-06:10,,"CDR, FE-2,FE-4, FE-6",Morning Inspection,,,
06:00-06:10,,FE-1,Morning Inspection. SM ПСС [Caution & Warning Panel] Test,,,
06:00-06:05,,FE-5,Urine Spot Test,,,
06:05-06:10,,FE-5,Morning Inspection,,,
06:10-06:40,,,Post-sleep,,,
06:40-07:30,,,BREAKFAST,,,
07:30-07:45,,,Work Prep,,,
07:45-08:10,,,Daily Planning Conference (S-band),,,
08:10-09:10,,FE-6,Crew time for ISS adaptation and orientation,,,
08:10-09:10,,FE-2,"SM ПФ1-4 Dust Filter Cartridge Replacement (ФГБ1ПГО_2_219_1, bag410-22 (00054251R)). Discard the removed items. Update IMS",,,
08:10-08:40,,FE-1,"Replacement of urine receptacle (МП) and filter-insert (Ф-В) in the toilet[АСУ].  Install Receptacle МП #0310299 (00054218R, СМ1РО_1_138_1)and Filter Insert Ф-В #1001207 (00050554R, СМ1РО_1_138_1 cover0570069 (00044339R)). Pre-pack dismantled items for disposal. UpdateIMS.",,,
08:10-08:15,,CDR,Lab Camera Relocate,,,
08:10-08:20,,FE-5,EHS Air Quality Monitoring (AQM) Start,,,
08:10-10:30,,FE-4,TYPOLOGY Experiment. Tagup with specialists (S-band),,,
08:15-11:15,,CDR,Installing EPIC card in C&C-1  MDM,,,
08:20-08:30,,FE-5,WRS Water Sample Analysis,,,
08:35-10:05,,FE-5,Physical Exercise (CEVIS),,,
08:40-09:40,,FE-1,"Physical Exercise (TVIS), Day 4",,,
09:10-10:40,,FE-6,Physical Exercise (ARED),,,
09:10-10:15,,FE-2,MRM1 Fan Screen Cleaning (Group B),,,
09:40-09:50,,FE-1,MOLNIYA-GAMMA Downlink Science and Service Data from БСПН viaRSS1 (start). Tagup with specialists (S-band),,,
09:50-10:50,,FE-1,URAGAN. Observations and Photo using Photo Spectral System (ФСС)  PL,,,
10:05-11:05,,FE-5,Crew time for ISS adaptation and orientation,,,
10:15-11:15,,FE-2,MATRYOSHKA-R. BUBBLE-Dosimeter Retrieval And Readout,,,
10:30-10:55,,FE-4,Crew time for ISS adaptation and orientation,,,
10:40-10:45,,FE-6,Gradient Heating Furnace (GHF):  troubleshooting for communication error,,,
10:50-12:20,,FE-1,"БСК 7,5 Command Link Checkout. Tagup with specialists (S-band)",,,
10:55-11:00,,FE-4,Hardware Activation Prior to Test Comm Session,,,
11:00-11:15,,FE-4,Test Comm Session  Roskosmos Management Greetings to ISS Crew (Ku+ S-band),,,
11:05-11:15,,FE-5,TOCA Data Transfer,,,
11:05-11:30,,FE-6,EPIC Utility Outlet Panel (UOP) Configuration,,,
11:15-11:30,,FE-2,Verify ИП-1 sensor positions,,,
11:15-11:45,,FE-5,Microgravity Glove Box ESEM Replacement,,,
GMT,,CREW,,ACTIVITY,,
06:00-06:05,,CDR,,Reaction Self Test,,
06:05-06:10,,CDR,,Morning Inspection,,
06:00-06:10,,"FE-1, FE-2",,Morning Inspection,,
06:10-06:40,,,,Post-sleep,,
06:40-07:30,,"CDR, FE-2",,BREAKFAST,,
06:40-07:30,,FE-1,,BREAKFAST. SM ПСС [Caution & Warning Panel] Test (after breakfast),,
07:30-10:30,,CDR,,Weekly Housekeeping,,
07:30-10:30,,FE-1,,"Weekly HousekeepingSM Ventilation Subsystem Preventive Maintenance, Group EFGB ЦВ2 Fan CleaningCleaning БМП (Micropurification Unit) Fan Grille",,
07:30-09:30,,FE-2,,,,
09:30-11:00,,FE-2,,Physical Exercise (ARED),,
10:30-10:35,,CDR,,CGBA Status Check,,
10:30-11:30,,FE-1,,"Physical Exercise (TVIS), Day  2",,
10:40-11:40,,CDR,,Physical Exercise T2,,
11:00-12:00,,FE-2,,"Weekly HousekeepingSM Ventilation Subsystem Preventive Maintenance, Group EFGB ЦВ2 Fan CleaningCleaning БМП (Micropurification Unit) Fan Grille",,
11:30-11:45,,FE-1,,Private Family Conference (Ku + S-band),,
11:40-13:10,,CDR,,Physical Exercise (ARED),,
12:00-13:00,,FE-1,,Compression of Progress 413 Tank 2,,
13:10-13:40,,,,Weekly Planning Conference (S-band),,
13:40-14:40,,,,LUNCH,,
14:40-14:50,,CDR,,Compound Specific Analyzer- Combustion Products (CSA-CP) CSA-O2Readings,,
14:50-15:00,,CDR,,Food Frequency Questionnaire,,
14:55-15:00,,FE-1,,PAO Hardware Setup,,
15:00-15:10,,"FE-1, FE-2",,Crew Prep For PAO,,
15:00-15:35,,CDR,,MSPR Hardware Installation,,
15:10-15:25,,"FE-1, FE-2",,TV Greetings (Ku + S-band),,
16:20-17:00,,FE-2,,СОЖ Maintenance,,
16:20-17:40,,CDR,,MSPR -VRU Checkout 1,,
16:30-18:00,,FE-1,,Physical Exercise (ARED),,
17:00-18:00,,FE-2,,"Physical Exercise (TVIS), Day  2",,
18:00-18:55,,CDR,,MSPR -VRU Checkout 2,,
18:55-19:00,,CDR,,G1 Camcorder Post-Downlink Closeout,,
19:30-21:30,,"FE-1, FE-2",,Pre-sleep,,
19:30-21:25,,CDR,,Pre-sleep,,
21:25-21:30,,CDR,,Reaction Self Test,,
21:30-06:00,,.,,SLEEP,,
GMT,CREW,ACTIVITY,,,,
06:00-06:10,"CDR, FE-1",Morning Inspection,,,,
06:00-06:10,FE-2,"Morning Inspection.Visual Inspection of MRM1 БПП-4, БПП-7 FusesVisual Inspection of MRM2 Circuit Breakers [АЗС] and Fuses",,,,
06:10-06:40,,Post-sleep,,,,
06:40-07:30,"CDR, FE-2",BREAKFAST,,,,
06:40-07:30,FE-1,BREAKFAST. SM ПСС [Caution & Warning Panel] Test (after breakfast),,,,
07:30-10:00,FE-1,"Weekly HousekeepingSM ventilation subsystem preventive maintenance, Group E, Group B2FGB ЦВ2 Fan Cleaning",,,,
07:30-10:30,"CDR, FE-2",,,,,
10:00-11:30,FE-1,"Physical Exercise (TVIS), Day 1",,,,
10:30-10:35,CDR,CGBA Status Check,,,,
10:35-11:35,CDR,Physical Exercise T2,,,,
11:30-11:45,FE-1,Private Family Conference (Ku + S-band),,,,
11:35-13:05,CDR,Physical Exercise (ARED),,,,
12:00-13:00,FE-2,"Physical Exercise (VELO), Day 1",,,,
12:00-12:30,FE-1,Weekly HousekeepingCleaning Potok Air Purification System Pre-filter,,,,
13:05-13:35,,Weekly Planning Conference (S-band),,,,
13:35-14:35,,LUNCH,,,,
14:35-15:15,FE-2,СОЖ Maintenance,,,,
14:35-14:45,CDR,Food Frequency Questionnaire,,,,
14:45-14:50,CDR,HMS Defibrillator Inspection,,,,
14:50-15:50,CDR,CSL Server Reload,,,,
15:00-15:20,FE-1,Hardware setup,,,,
15:20-15:30,"FE-1, FE-2",Crew prep for TV greeting,,,,
15:30-15:50,"FE-1, FE-2",TV Greetings (Ku + S-band),,,,
15:50-16:20,CDR,Psychological Evaluation Program (WinSCAT),,,,
16:00-17:30,FE-2,"Physical Exercise (TVIS), Day 1",,,,
17:30-18:30,FE-1,"Physical Exercise (VELO), Day 1",,,,
19:30-21:30,,Pre-sleep,,,,
21:30-06:00,,SLEEP,,,,
Task List,"FE-1,FE-2",URAGAN. Observations and Photography,,,,
ECON. Observations and Photography,,,,,,
SEINER Ocean Observations,,,,,,
Prep of New Year Greetings at Roscosmos TV Studio,,,,,,
GMT,CREW,ACTIVITY,,,,
06:00-06:10,.,Morning Inspection,,,,
06:10-06:40,.,Post-sleep,,,,
06:40-07:30,"CDR,FE-2",BREAKFAST,,,,
06:40-07:30,FE-1,BREAKFAST. SM ПСС [Caution & Warning Panel] Test (afterbreakfast),,,,
09:00-10:00,CDR,Physical Exercise (CEVIS),,,,
09:30-10:30,FE-2,"Physical Exercise (VELO), Day 3",,,,
10:00-11:30,CDR,Physical Exercise (ARED),,,,
10:30-12:00,FE-1,"Physical Exercise (TVIS), Day 3",,,,
12:15-12:30,"FE-1,FE-2",Telephone Conference with Rossiyskiy Cosmos Magazine Editor (S-band),,,,
13:00-14:00,.,LUNCH,,,,
14:15-14:50,CDR,EHS MCD Water Processing (T+2),,,,
15:00-15:40,FE-2,"СОЖ Maintenance. SM and FGB Flush Counter (СП), Water SupplySystem (SVO), POTOK Air Purification System Data Calldowns",,,,
15:40-17:10,FE-2,"Physical Exercise (TVIS), Day 3",,,,
17:10-18:10,FE-1,"Physical Exercise (VELO), Day 3",,,,
18:20-19:05,"FE-1,FE-2",Evening Work Prep,,,,
19:05-19:20,.,Daily Planning Conference (S-band),,,,
19:20-19:30,.,Evening Work Prep,,,,
19:30-20:40,CDR,Pre-sleep,,,,
19:30-21:30,"FE-1,FE-2",Pre-sleep,,,,
20:40-20:55,CDR,Private Family Conference,,,,
20:55-21:15,CDR,Pre-sleep,,,,
21:15-21:30,CDR,CDE Event,,,,
21:30-06:00,.,SLEEP,,,,
Task List,"FE-1, FE-2",Video Recording of New Year Greetings for Carousel TV ChannelViewers,,,,
ECON. Observations and Photography,,,,,,
SEINER World Ocean Observations,,,,,,
URAGAN. Observations and Photography,,,,,,
СКК Cassette Photography,,,,,,
Preparation of reports for Roskosmos site,,,,,,
GMT,CREW,,ACTIVITY,,,
06:00-06:10,"CDR, FE-2",,Morning Inspection,,,
06:00-06:10,FE-1,,Morning Inspection. SM ПСС [Caution & Warning Panel] Test,,,
06:10-06:40,,,Post-sleep,,,
06:40-07:30,,,BREAKFAST,,,
07:30-07:55,,,Work Prep,,,
07:55-08:10,,,Daily Planning Conference (S-band),,,
08:10-08:25,,,ISS Crew and ГОГУ (RSA Flight Control Team Management) WeeklyConference (S-band),,,
08:25-08:35,CDR,,TVIS PCMCIA Card Formatting,,,
08:25-08:40,"FE-1, FE-2",,IMS Tagup (S-band),,,
08:35-08:50,CDR,,Water Recovery System (WRS) Waste Storage Tank Assembly (WSTA) Fill,,,
08:45-09:25,FE-2,,RS2 Laptop Replacement. Tagup with specialists (S-band),,,
08:45-10:15,FE-1,,"CONSTANTA Setup, Photo/Video, Session 3. Tagup with specialists (S-band)",,,
08:50-09:15,CDR,,VO2max PPFS Stowage,,,
09:15-10:05,CDR,,VO2. Hardware setup for experiment one,,,
09:45-09:55,FE-2,,Laptop RS2 Activation and Test. Tagup with specialists (S-band),,,
09:55-10:25,FE-2,,КЦП2 Upgrade to a New Version. Tagup with specialists (S-band),,,
10:05-10:15,CDR,,VO2max Video Setup,,,
10:15-11:05,FE-1,,Crew time for ISS adaptation and orientation,,,
10:15-10:40,CDR,,VO2max Protocol Preparation,,,
10:25-10:30,FE-2,,Deactivation of Laptop RS2,,,
10:30-11:10,FE-2,,Crew time for ISS adaptation and orientation,,,
10:40-11:20,CDR,,VO2max - PFS SW Calibration and Hardware Checkout,,,
11:05-11:40,FE-1,,СОЖ Maintenance,,,
11:10-12:40,FE-2,,Physical Exercise (ARED),,,
11:20-12:00,CDR,,VO2max Experiment Protocol,,,
11:40-12:40,FE-1,,"Physical Exercise (TVIS), Day 2",,,
12:00-12:55,CDR,,VO2max - PFS Closeout Ops,,,
12:40-13:40,"FE-1, FE-2",,LUNCH,,,
12:55-13:20,CDR,,EHS BP/ECG Checkout,,,
13:20-14:20,CDR,,LUNCH,,,
13:40-16:40,"FE-1, FE-2",,TVIS Chassis Inspection,,,
14:20-14:50,CDR,,VO2max Kit Consolidation,,,
14:50-15:10,CDR,,VO2 Stowage,,,
15:10-15:15,CDR,,VO2 Exercise Video Equipment Stow,,,
15:15-15:25,CDR,,CWC Audit,,,
15:25-16:55,CDR,,Physical Exercise (ARED),,,
16:40-17:25,FE-2,,TVIS - Perform Speed Characterization,,,
16:55-18:25,FE-1,,Physical Exercise (ARED),,,
16:55-17:25,CDR,,Crew time for ISS adaptation and orientation,,,
GMT,CREW,ACTIVITY,,,,
06:00-06:10,FE-1,Morning Inspection,,,,
06:00-06:10,FE-2,Morning Inspection,,,,
06:00-06:10,"FE-4,FE-6",Morning Inspection,,,,
06:00-06:05,CDR,Reaction Self Test,,,,
06:00-06:05,FE-5,Urine Spot Test,,,,
06:05-06:10,"CDR,FE-5",Morning Inspection,,,,
06:10-06:40,.,Post-sleep,,,,
06:40-07:30,FE-2,BREAKFAST. Inspection of СМ-У connector on МНР-НС pumpbehind АСУ panel 139.SM ПСС [Caution & Warning Panel] Test (after breakfast),,,,
06:40-07:30,"FE-1,FE-4FE-5,FE-6",BREAKFAST,,,,
06:40-07:35,CDR,BREAKFAST,,,,
07:30-08:00,"FE-4,FE-5,FE-6",Counter Measure System (CMS) Exercise Overview,,,,
09:00-09:15,"FE-5,FE-6",CMS and T2 Introduction,,,,
09:00-09:15,FE-4,Soyuz 703 Gas Analyzer Deactivation,,,,
09:00-10:00,CDR,Physical Exercise T 2,,,,
09:00-09:15,FE-1,Soyuz 232 Gas Analyzer Deactivation,,,,
09:05-09:35,FE-2,"ISS-MCC-M TV. TV Greetings  То=09:05,Т1,Т2,Т3 from СПП",,,,
09:20-09:35,"FE-1,FE-4",ISS-MCC-M TV. TV Greetings,,,,
09:45-10:00,FE-4,Familiarization with Physical Exercise and TVIS Procedures,,,,
09:45-10:45,FE-1,"Physical Exercise (TVIS), Day 2",,,,
10:00-11:30,CDR,Physical Exercise (ARED),,,,
10:00-10:15,"FE-4,FE-5,FE-6",CMS and ARED Introduction,,,,
10:15-11:15,FE-4,"Installation of Local Temperature Sensor Switching Unit ЛКТ(ТА251МБ) in Soyuz 703. Install ЛКТ #1417726325 and ROM#1417726934 (СМ1РО_3_314_1, possibly in bag 353-8 (b/c00037141R))",,,,
10:50-11:30,FE-2,TVIS Monthly Maintenance,,,,
11:25-11:30,FE-4,TVIS Card Formatting,,,,
11:30-11:45,"FE-5,FE-6",Physical Exercise Overview,,,,
11:30-13:00,FE-4,"Physical Exercise (TVIS), Day 2",,,,
11:30-13:00,FE-2,Physical Exercise (ARED),,,,
11:45-11:50,"FE-5,FE-6",CMS CEVIS Card Insertion into SSC,,,,
12:00-12:25,CDR,Condensate Pumping Initiation,,,,
12:00-12:15,FE-5,Private Medical Conference,,,,
13:00-14:00,.,LUNCH,,,,
14:00-14:15,FE-6,EPIC Station Support Computer (SSC) Relocate,,,,
14:00-14:10,FE-5,RLD Removal,,,,
14:00-14:40,FE-1,СОЖ Maintenance,,,,
GMT,CREW,,ACTIVITY,,,
06:00-06:05,CDR,,Reaction Self Test,,,
06:00-06:10,FE-1,,Morning Inspection. SM ПСС [Caution & Warning Panel] Test,,,
06:00-06:10,"FE-2, FE-6",,Morning Inspection,,,
06:00-06:05,FE-5,,Urine Spot Test,,,
06:00-06:05,FE-4,,PLAZMENNYI KRISTALL. Pressure Check,,,
06:05-06:10,"CDR, FE-4",,Morning Inspection,,,
06:05-06:15,FE-5,,Morning Inspection,,,
06:10-06:40,"CDR, FE-1,FE-2, FE-4,FE-6",,Post-sleep,,,
06:15-06:45,FE-5,,Post-sleep,,,
06:40-07:20,FE-2,,BREAKFAST,,,
06:40-07:30,"CDR, FE-1,FE-4, FE-6",,BREAKFAST,,,
06:45-06:35,FE-5,,BREAKFAST,,,
07:20-07:35,FE-2,,БМП Ф1 Absorption Cartridge Regeneration (start),,,
07:30-07:40,FE-1,,ТТМ-2. Start Charging,,,
07:30-07:40,"CDR, FE-4,FE-6",,Work Prep,,,
07:35-07:40,FE-2,,Work Prep,,,
07:40-08:05,,,Daily Planning Conference (S-band),,,
08:05-08:20,,,ISS Crew and ГОГУ (RSA Flight Control Team Management) WeeklyConference (S-band),,,
08:20-08:30,"CDR, FE-4,FE-6",,Work Prep,,,
08:20-08:40,"FE-1, FE-2",,Work Prep,,,
08:20-08:40,FE-5,,Work Prep,,,
08:30-09:00,"CDR,FE-6",,Crew Handover to Expedition 30,,,
08:40-08:50,FE-4,,TV PAO Setup,,,
08:50-09:00,"FE-1, FE-2,FE-4",,Crew Prep For PAO,,,
09:00-09:20,"FE-1, FE-2,FE-4",,"ISS-MCC-M TV. TV PAO Event with RCC Energia, IMBP, GCTC Management.New Year Greetings (Ku + S-band)",,,
09:00-09:40,CDR,,Portable PFS Power on and a 45-minute warm-up. Activation of PortablePulmonary Function System (PFS) MBS Module,,,
09:20-09:35,FE-2,,Private Family Conference (Ku + S-band),,,
09:20-10:50,FE-4,,"Physical Exercise (TVIS), Day 2",,,
09:20-11:10,FE-1,,Audit of Docking and Internal Transfer System [ССВП] Accessories. Tagup withspecialists (S-band),,,
09:35-11:10,FE-2,,Progress 413 Stowage and IMS Ops,,,
09:40-09:50,CDR,,VO2max Video Setup,,,
09:50-10:15,CDR,,VO2max Protocol Preparation,,,
GMT,,CREW,,ACTIVITY,,
06:00-06:10,,CDR,,Morning Inspection,,
06:00-06:10,,FE-2,,Morning Inspection. SM ПСС [Caution & Warning Panel] Test,,
06:00-06:30,,FE-1,,"SPRUT-2. Setup, Body Mass Measurement, and Cleanup.",,
06:10-06:40,,"CDR, FE-2",,Post-sleep,,
06:30-07:30,,FE-1,,SPRUT-2. Experiment Ops. Tagup with specialists (S-band),,
06:40-07:30,,"CDR, FE-2",,BREAKFAST,,
07:30-07:45,,"CDR, FE-2",,Work Prep,,
07:30-07:55,,FE-1,,Post-sleep,,
07:45-07:55,,CDR,,CIR Alignment Guide Removal,,
07:45-07:55,,FE-2,,КЦП1-ЦВМ-ТВМ Command & Data Transmission Test. Tagup withspecialists (S-band),,
07:55-08:10,,,,Daily Planning Conference (S-band),,
08:10-08:25,,"CDR, FE-2",,Work Prep,,
08:10-09:15,,FE-1,,BREAKFAST,,
08:25-08:35,,CDR,,2DNT2 Familiarization,,
08:35-08:55,,FE-2,,КЦП2-ЦВМ-ТВМ Command & Data Transmission Test. Tagup withspecialists (S-band),,
08:35-08:45,,CDR,,2DNT2 Camera Setup,,
08:45-08:55,,CDR,,2DNT2 MELFI Retrieval,,
08:55-09:05,,FE-2,,RS3 and КЦП1 Laptops Prep for SW Update. Tagup with specialists (S-band),,
08:55-09:35,,CDR,,2DNT2 Experiment,,
09:05-09:15,,FE-2,,RS3 Laptop-КЦП1-ЦВМ-ТВМ Command & Data Test. Tagup with specialists(S-band),,
09:15-09:35,,FE-1,,Work Prep,,
09:15-10:15,,FE-2,,"Physical Exercise (VELO), Day 1",,
09:35-09:40,,FE-1,,Comm config to support voice comm from MRM2 during the experiment,,
09:40-10:40,,FE-1,,COULOMB CRYSTAL Experiment. Tagup with specialists (S-band),,
09:40-09:50,,CDR,,2DNT2 MELFI Insertion,,
09:50-10:45,,CDR,,Physical Exercise T2,,
10:15-12:15,,FE-2,,"Fungistat Treatment of Areas Behind FGB Panels 204, 205, 303",,
10:40-10:45,,FE-1,,MRM2 comm reconfig to initial,,
10:45-12:15,,FE-1,,"Physical Exercise (TVIS), Day 1",,
10:45-10:50,,CDR,,Shutting down T2 software to transfer data,,
10:50-12:05,,CDR,,ICV Monitoring Start,,
12:05-12:15,,CDR,,ICV - 10-Minute Resting Event Alternate,,
12:15-13:00,,,,CheCS OBT,,
13:00-14:00,,,,LUNCH,,
14:00-14:50,,FE-1,,Progress 413 Transfers and IMS Updates,,
14:00-14:40,,FE-2,,СОЖ Maintenance,,
GMT,,CREW,,ACTIVITY,,
06:00-06:10,,FE-1,,Morning Inspection. SM ПСС [Caution & Warning Panel] Test,,
06:00-06:30,,FE-2,,SPRUT-2. Body Mass Measurement,,
06:00-06:05,,CDR,,Reaction Self Test,,
06:05-06:15,,CDR,,Morning Inspection,,
06:10-06:40,,FE-1,,Post-sleep,,
06:15-06:45,,CDR,,Post-sleep,,
06:30-07:30,,FE-2,,SPRUT-2. Experiment Ops. Tagup with specialists (S-band),,
06:40-07:30,,FE-1,,BREAKFAST,,
06:45-07:35,,CDR,,BREAKFAST,,
07:30-08:00,,FE-1,,Work Prep,,
07:30-08:00,,FE-2,,Post-sleep,,
07:35-07:50,,CDR,,Work Prep,,
07:50-08:00,,CDR,,CIR Alignment Guide Installation,,
08:00-08:15,,,,Daily Planning Conference (S-band),,
08:15-09:45,,FE-1,,СРВК-2М Water Conditioning Unit Purification Columns (БК БКВ) Changeout,,
08:15-11:15,,CDR,,Unloading US hardware from Progress 413,,
08:15-09:15,,FE-2,,BREAKFAST,,
09:15-09:25,,FE-2,,Private Medical Conference with Physical Exercise Specialist (S-band),,
09:25-09:45,,FE-2,,Work Prep,,
09:45-09:55,,FE-1,,Private Medical Conference with Physical Exercise Specialist (S-band),,
09:45-11:15,,FE-2,,Physical Exercise (ARED),,
09:55-10:05,,FE-1,,Vozdukh Deactivation,,
10:45-10:50,,FE-1,,Comm config to support voice comm from MRM2 during the experiment,,
10:50-11:50,,FE-1,,COULOMB CRYSTAL Experiment. Tagup with specialists (S-band),,
11:15-12:45,,CDR,,Physical Exercise (ARED),,
11:15-11:25,,FE-2,,COULOMB CRYSTAL Experiment Photography,,
11:50-11:55,,FE-1,,MRM2 comm reconfig to initial,,
11:50-12:55,,FE-2,,Taking measurements of compressor unit phase resistance at cable connector.Tagup with specialists (S-band),,
11:55-12:55,,FE-1,,"Physical Exercise (TVIS), Day 2",,
12:45-13:00,,CDR,,ICV Ambulatory Monitoring Midpoint Alternate,,
12:55-13:55,,"FE-1, FE-2",,LUNCH,,
13:00-14:00,,CDR,,LUNCH,,
13:55-14:20,,FE-1,,TV (ISS-MCC) COULOMB CRYSTAL. Preparation and TV Downlink Tagup withspecialists (VHF),,
13:55-15:45,,FE-2,,SM Ventilation System Preventive Maintenance. Group В1,,
14:00-14:10,,CDR,,CIR Photo/TV Prep,,
14:10-14:20,,CDR,,CIR Upper Rack Doors Open,,
14:20-15:30,,FE-1,,Progress 413 Unloading and IMS Updates,,
14:20-14:50,,CDR,,CIR Manifold Bottle Replacement,,
GMT,CREW,ACTIVITY,,,,
06:00-06:10,FE-1,Morning Inspection. SM ПСС [Caution & Warning Panel] TestInspection of СМ-У connector on МНР-НС pump behind АСУ panel139.,,,,
06:00-06:10,"CDR,FE-2",Morning Inspection,,,,
06:10-06:40,,Post-sleep,,,,
06:40-07:30,,BREAKFAST,,,,
07:30-07:50,,Work Prep,,,,
07:50-08:05,,Daily Planning Conference (S-band),,,,
08:05-08:45,FE-2,Installation and connection of 17КС.30Ю 8230А-2030 cable to TORUonboard simulator setup. Tagup with specialists (S-band),,,,
08:05-10:05,FE-1,Medical Kit Audit,,,,
08:15-08:25,CDR,EHS Air Quality Monitoring (AQM) Start,,,,
08:25-09:15,CDR,ICV Monitoring Prep,,,,
08:50-11:20,FE-2,"Fungistat treatment of areas behind FGB panels 404, 405",,,,
09:15-10:15,CDR,Physical Exercise (CEVIS),,,,
10:05-10:15,FE-1,TVIS Ops Video Prep,,,,
10:15-11:15,FE-1,"Physical Exercise (TVIS), Day 4",,,,
10:15-10:30,CDR,T2 Monthly Inspection,,,,
10:30-10:40,CDR,COL PWS Reboot,,,,
11:05-11:10,CDR,ISS HAM Radio Hardware Setup,,,,
11:10-11:25,CDR,HAM Radio Session,,,,
11:15-11:25,FE-1,MOLNIYA-GAMMA Saving science and service data to a flash card(start). Tagup with specialists (S-band),,,,
11:20-12:50,FE-2,Physical Exercise (ARED),,,,
11:50-12:25,"CDR,FE-1",Crew Medical Restraint System (CMRS) - Checkout,,,,
12:25-12:40,"CDR,FE-1",Respiratory Support Pack Checkout,,,,
12:40-12:50,CDR,WRS Water Sample Analysis,,,,
12:40-12:50,FE-1,"ON MCC GO (in the event of TC, CC restart) Vozdukh Switchover toAutomatic Mode",,,,
12:50-13:20,,Crew handover conference,,,,
13:20-14:20,,LUNCH,,,,
14:20-16:20,FE-2,"Fungistat treatment of areas behind FGB panels 404, 405",,,,
14:20-15:00,FE-1,ВБ-3М Cycle Ergometer Crank Arm R&R,,,,
14:20-14:25,CDR,EHS - Air Quality Monitor (AQM) End,,,,
14:25-14:35,CDR,FIR Photo/Video Setup,,,,
14:35-14:50,CDR,FIR Door Opening,,,,
14:50-14:55,CDR,LMM (Light Microscopy Module) Rotation,,,,
14:55-16:05,CDR,PACE Sample Changeout,,,,
15:00-15:30,FE-1,Crew Medical Officer (CMO) Proficiency Training,,,,
15:30-17:00,FE-1,Physical Exercise (ARED),,,,
16:05-16:15,CDR,LMM Rotation To Operational Position,,,,
GMT,CREW,ACTIVITY,,,,
06:00-06:10,"CDR, FE-2",Morning Inspection,,,,
06:00-06:10,FE-1,"Morning Inspection. SM ПСС [Caution & Warning Panel] TestInspection of Circuit Breakers [АЗС] on DC1 Power Switch Panel (БВП)and Fuses in DC1 Fuse Boxes БПП-30, БПП-36",,,,
06:10-06:40,,Post-sleep,,,,
06:40-07:30,,BREAKFAST,,,,
07:30-07:45,,Work Prep,,,,
07:45-08:00,,Daily Planning Conference (S-band),,,,
08:00-08:15,,Work Prep,,,,
08:15-08:20,CDR,ISSAC Lab Window Shutter Open,,,,
08:20-08:35,CDR,FIR Door Opening,,,,
08:20-09:00,FE-1,IDENTIFICATION. Copy ИМУ-Ц micro-accelerometer data to laptop,,,,
08:20-09:20,FE-2,RS2 Laptop Activation. Transfer of ЦВМ and ТВМ Images Version 8.05 toКЦП2 Tagup with specialists (S-band),,,,
08:35-09:25,CDR,PACE Cable Reconguration,,,,
09:00-11:30,FE-1,SM Ventilation System Preventive Maintenance. Group А,,,,
09:25-10:40,CDR,PACE Sample Removal,,,,
09:40-10:35,FE-2,Transfer of ЦВМ and ТВМ Images Version 8.05 to КЦП1. Tagup withspecialists (S-band),,,,
10:35-10:40,FE-2,RS2 Laptop Deactivation,,,,
10:40-10:55,CDR,PACE Sample Mixing,,,,
10:40-11:40,FE-2,"Physical Exercise (VELO), Day 1",,,,
10:55-12:20,CDR,PACE LED Base Installation,,,,
11:30-13:00,FE-1,"Physical Exercise (TVIS), Day 1",,,,
11:40-12:00,FE-2,Crew time for ISS adaptation and orientation,,,,
12:00-13:00,FE-2,MATRYOSHKA-R. BUBBLE-dosimeter initialization and deployment forexposure,,,,
12:20-12:30,CDR,LMM Rotation To Operational Position,,,,
12:30-12:45,CDR,FIR Rack Doors Close,,,,
12:45-13:00,CDR,ICV Ambulatory Monitoring End,,,,
13:00-14:00,,LUNCH,,,,
14:00-14:40,"FE-1, FE-2",Familiarization with Auxiliary Computer System. Tagup with specialists (S-band),,,,
14:00-14:55,CDR,Actiwatch and Holter 2 Data Download,,,,
14:40-16:25,FE-2,Soyuz 232 Transfers and IMS Ops,,,,
14:40-14:50,FE-1,BRI Control Log Dump from RSS1,,,,
14:50-15:30,FE-1,СОЖ Maintenance,,,,
14:55-15:55,CDR,Crew time for ISS adaptation and orientation,,,,
15:30-16:30,FE-1,"Physical Exercise (VELO), Day 1",,,,
15:55-16:55,CDR,Physical Exercise T 2,,,,
16:25-17:55,FE-2,"Physical Exercise (TVIS), Day 1",,,,
GMT,,CREW,,ACTIVITY,,
06:00-06:10,,CDR,,Morning Inspection,,
06:00-06:10,,FE-2,,Morning Inspection. SM ПСС [Caution & Warning Panel] Test,,
06:00-06:10,,FE-1,,SONOCARD Experiment termination,,
06:10-06:40,,"CDR, FE-2",,Post-sleep,,
06:10-06:20,,FE-1,,Morning Inspection,,
06:20-06:50,,FE-1,,Post-sleep,,
06:40-07:30,,"CDR, FE-2",,BREAKFAST,,
06:50-07:30,,FE-1,,BREAKFAST,,
07:30-07:45,,,,Work Prep,,
07:45-08:00,,,,Daily Planning Conference (S-band),,
08:00-08:15,,,,ISS Crew and ГОГУ (RSA Flight Control Team Management) WeeklyConference (S-band),,
08:15-09:10,,CDR,,ICV Data Transfer,,
08:15-08:30,,"FE-1, FE-2",,IMS Tagup (S-band),,
08:30-08:40,,FE-1,,BREAKFAST,,
08:30-10:30,,FE-2,,Pumping Urine from EDV-U to Progress 413 Rodnik Water Tank 2,,
08:40-08:55,,FE-1,,SONOCARD Copy Data to RSE-MED Laptop,,
08:55-09:25,,FE-1,,COULOMB CRYSTAL. Hardware Teardown,,
09:10-10:40,,CDR,,Physical Exercise (ARED),,
09:25-10:55,,FE-1,,"CONSTANTA Setup, Photo/Video, Session 5. Tagup with specialists (S-band)",,
10:40-12:00,,FE-2,,Physical Exercise (ARED),,
10:40-11:40,,CDR,,Physical Exercise T2,,
10:55-11:55,,FE-1,,"Physical Exercise (TVIS), Day 4",,
11:45-12:00,,CDR,,Journal entry,,
12:00-12:40,,,,CheCS OBT,,
12:40-12:45,,CDR,,ALTEA Dosimeter Activation,,
12:45-13:00,,CDR,,Colloid Flash Disk Exchange,,
13:00-14:00,,,,LUNCH,,
14:00-14:30,,CDR,,Cargo Stowage,,
14:00-14:40,,FE-1,,IDENTIFICATION. Copy ИМУ-Ц micro-accelerometer data to laptop,,
14:00-14:35,,FE-2,,СОЖ Maintenance,,
14:30-14:45,,CDR,,Private Psychological Conference,,
14:35-15:15,,FE-2,,Cleaning ВД1 and ВД2 Air Ducts in DC-1,,
14:40-16:00,,FE-1,,Activity with SM panels (327 and 130). Tagup with specialists (S-band),,
14:45-16:15,,CDR,,Waste and Hygiene Compartment (WHS) Urine Receptacle and Insert FilterChangeout,,
15:15-16:15,,FE-2,,Progress 413 Transfers and IMS Updates,,
16:05-16:55,,FE-1,,Download Pille Dosimeter Readings,,
16:15-17:35,,FE-2,,Cleaning ventilation screens on FGB interior panels,,
GMT,CREW,ACTIVITY,,,,
06:00-06:10,"CDR, FE-2",Morning Inspection,,,,
06:00-06:10,FE-1,Morning Inspection. SM ПСС [Caution & Warning Panel] Test,,,,
06:10-06:40,,Post-sleep,,,,
06:40-07:30,,BREAKFAST,,,,
07:30-07:45,FE-1,БМП Ф1 Absorption Cartridge Regeneration (start),,,,
07:30-07:45,FE-2,Work Prep,,,,
07:30-07:40,CDR,Acoustic dosimeters: static measurement mode,,,,
07:45-08:00,,Daily Planning Conference (S-band),,,,
08:00-08:20,FE-1,Work Prep,,,,
08:00-08:15,FE-2,Work Prep,,,,
08:00-08:30,CDR,Work Prep,,,,
08:20-10:40,FE-1,TYPOLOGY Experiment. Tagup with specialists (S-band),,,,
08:20-09:00,FE-2,Soyuz 232 Transfer and IMS ops,,,,
08:30-09:00,CDR,Amine Swingbed Payload Review,,,,
09:00-10:15,CDR,Amine Swingbed Hardware Gather,,,,
09:00-09:15,FE-2,TYPOLOGY Experiment Assistance,,,,
09:15-09:25,FE-2,TYPOLOGY Photography,,,,
09:25-12:05,FE-2,Progress 413 Transfers and IMS Updates,,,,
10:15-10:25,CDR,Amine Swingbed Video Setup,,,,
10:25-11:20,CDR,Amine Swingbed Hardware Assembly,,,,
10:40-10:55,FE-1,"Soyuz 232 IRIDIUM Phone Charging, Setup and Charge Start",,,,
11:05-11:10,FE-1,Soyuz 232 IRIDIUM Phone Recharge - status check,,,,
11:10-11:30,FE-1,"Soyuz 232 IRIDIUM Phone Recharge, Terminate Charge, Stow Telephone,Cleanup",,,,
11:20-11:45,CDR,Crew time for ISS adaptation and orientation,,,,
11:30-13:00,FE-1,Physical Exercise (ARED),,,,
11:45-12:00,CDR,Prep LAB UOP8 power strings for upcomming ROBoT activities,,,,
12:00-13:00,CDR,Physical Exercise T2,,,,
12:05-13:05,FE-2,"Physical Exercise (TVIS), Day 4",,,,
13:00-14:00,CDR,LUNCH,,,,
13:05-14:05,"FE-1, FE-2",LUNCH,,,,
14:00-14:05,CDR,Amine Swingbed Hardware Assembly,,,,
14:05-14:25,.,Conference With Astronaut Office Management,,,,
14:25-15:05,FE-1,СОЖ Maintenance,,,,
14:25-15:00,CDR,Crew time for ISS adaptation and orientation,,,,
14:25-15:30,FE-2,Progress 413 Transfers and IMS Updates,,,,
15:00-15:30,CDR,Amine Swingbed Bead Check,,,,
15:05-15:10,FE-1,Comm config for comm session from MRM2 for the Experiment,,,,
15:10-16:10,FE-1,COULOMB CRYSTAL Experiment. Tagup with specialists (S-band),,,,
15:30-17:00,CDR,Physical Exercise (ARED),,,,
GMT,CREW,ACTIVITY,,,,
06:00-06:10,"CDR,FE-2,FE-4",Morning Inspection,,,,
06:00-06:10,FE-1,Morning Inspection. SM ПСС [Caution & Warning Panel] Test.,,,,
06:00-06:05,FE-6,Reaction Self Test,,,,
06:00-06:05,FE-5,Urine Spot Test,,,,
06:05-06:10,FE-5,Reaction Self Test,,,,
06:05-06:10,FE-6,Morning Inspection,,,,
06:10-06:40,.,Post-sleep,,,,
06:40-07:15,.,BREAKFAST,,,,
07:15-07:40,.,Daily Planning Conference (S-band),,,,
07:40-07:55,.,BREAKFAST,,,,
07:55-08:15,.,Work Prep,,,,
08:15-08:50,FE-6,Crew time for ISS adaptation and orientation,,,,
08:15-08:30,FE-4,Crew time for ISS adaptation and orientation,,,,
08:20-08:30,FE-2,PAO Hardware Setup,,,,
08:30-08:40,"FE-1,FE-2,FE-4",Crew Prep for PAO,,,,
08:40-09:10,"FE-1,FE-2,FE-4",ISS-MCC-M TV. TV PAO with the Head of Roskosmos and RussianFather Frost (S+Ku-band),,,,
08:40-09:10,"CDR,FE-5",ISS30 Crew Handover,,,,
09:10-11:25,"CDR,FE-4,FE-6,FE-5",ISS Emergency Egress Drill,,,,
09:10-10:25,FE-1,PNEUMOCARD Experiment Ops. Tagup with specialists (S-band),,,,
09:40-10:10,FE-2,"Inspection and photography of MRM2 ВЛ1, DC1 ВЛ2 windows,preparation",,,,
10:10-11:55,FE-2,"Inspection and photography of MRM2 ВЛ1, DC1 ВЛ2 windows,preparation",,,,
10:25-10:55,FE-1,MOLNIYA-GAMMA Software Upgrade. Tagup with specialists (S-band),,,,
10:55-11:55,FE-1,"Physical Exercise (VELO), Day 3",,,,
11:25-11:55,"CDR,FE-5",ISS30 Crew Handover,,,,
11:25-12:55,FE-6,Physical Exercise (ARED),,,,
11:25-12:55,FE-4,"Physical Exercise (TVIS), Day 3",,,,
11:55-12:55,CDR,Physical Exercise (CEVIS),,,,
11:55-12:55,FE-2,"Physical Exercise (VELO), Day 3",,,,
11:55-12:55,FE-1,Loading disposal hardware to Progress 413 and IMS updates,,,,
11:55-12:55,FE-5,Physical Exercise T 2,,,,
12:55-13:55,.,LUNCH,,,,
13:55-14:10,FE-4,Private Medical Conference (S+Ku-band),,,,
13:55-14:05,CDR,PAO Hardware Setup,,,,
14:00-14:05,FE-5,PROK Diet Logging (Day 2-4),,,,
14:00-14:30,FE-1,"Video of ПхО/Soyuz 232 air duct, via MRM2",,,,
